date,open,high,low,close,close_prev,change_pct,volume,amount,turnover
2017/3/27,22.64,22.97,22.33,22.9,22.62,1.2378,3199056,72438293.77,0.7886
2017/3/28,22.78,23.08,22.26,22.27,22.9,-2.7511,2491800,56133107.96,0.6142
2017/3/29,22.14,22.47,21.65,21.65,22.27,-2.784,2659788,58272377.08,0.6556
2017/3/30,21.65,21.89,21.42,21.6,21.65,-0.2309,2126548,46032930.8,0.5242
2017/3/31,21.59,21.92,21.08,21.14,21.6,-2.1296,2227862,47618367.38,0.5492
2017/4/5,21.17,21.4,21,21.28,21.14,0.6623,2501587,53082770.62,0.6166
2017/4/6,21.27,21.53,21.1,21.52,21.28,1.1278,1865473,39782141.64,0.4598
2017/4/7,21.51,21.59,21.16,21.16,21.52,-1.6729,1531873,32722796.19,0.3776
2017/4/10,21.01,21.48,21.01,21.14,21.16,-0.0945,1413414,29968034.32,0.3484
2017/4/11,21.15,21.66,21.05,21.5,21.14,1.7029,2188966,46796137.83,0.5396
2017/4/12,21.82,22.25,21.53,21.77,21.5,1.2558,3273146,71647763.79,0.8068
2017/4/13,21.7,22.3,21.7,21.79,21.77,0.0919,2703230,59544777.59,0.6663
2017/4/14,21.95,22.05,21.46,21.6,21.79,-0.872,1832628,39660201.18,0.4517
2017/4/17,21.51,21.53,20.94,21.18,21.6,-1.9444,1607743,34102490.12,0.3963
2017/4/18,21.13,21.3,20.88,20.94,21.18,-1.1331,1212138,25552305.02,0.2988
2017/4/19,20.51,20.93,20.1,20.88,20.94,-0.2865,2088209,42621264.98,0.5147
2017/4/20,21.3,21.3,20.83,20.85,20.88,-0.1437,1049600,22045850.2,0.2587
2017/4/21,20.9,20.9,19.8,19.8,20.85,-5.036,1551050,31551097.42,0.3823
2017/4/24,19.9,20.06,18.56,19.24,19.8,-2.8283,1674957,32191373.21,0.4129
2017/4/25,19.26,19.6,19.26,19.33,19.24,0.4678,814669,15848437.15,0.2008
2017/4/26,19.36,19.72,19.22,19.63,19.33,1.552,825378,16161591.54,0.2035
2017/4/27,19.59,19.84,19.47,19.73,19.63,0.5094,1024517,20155170.14,0.2525
2017/4/28,19.73,20.05,19.58,19.97,19.73,1.2164,1010276,20083462.81,0.249
2017/5/2,20,20.44,19.88,19.88,19.97,-0.4507,1613509,32524429.53,0.3977
2017/5/3,19.88,20.23,19.6,19.65,19.88,-1.1569,1183253,23594494.87,0.2917
2017/5/4,19.6,20.18,19.6,20.1,19.65,2.2901,1530229,30586088.85,0.3772
2017/5/5,19.93,20.21,19.93,19.94,20.1,-0.796,1090190,21852987.18,0.2687
2017/5/8,19.95,20.23,19.78,19.94,19.94,0,737151,14764633.83,0.1817
2017/5/9,19.87,19.87,19.02,19.1,19.94,-4.2126,3302805,63596759.78,0.8141
2017/5/10,19.18,19.38,18.93,19,19.1,-0.5236,1141051,21832280.98,0.2813
2017/5/11,18.89,19.1,17.12,18.07,19,-4.8947,3053497,54961245.68,0.7527
2017/5/12,18.05,18.1,17.6,17.69,18.07,-2.1029,1515391,26938314.33,0.3735
2017/5/15,17.75,17.93,17.54,17.62,17.69,-0.3957,629406,11143073.72,0.1551
2017/5/16,17.67,17.75,17.16,17.75,17.62,0.7378,1604898,27900301.67,0.3956
2017/5/17,17.63,17.88,17.51,17.61,17.75,-0.7887,1439576,25485248.97,0.3549
2017/5/18,17.4,17.63,17.3,17.34,17.61,-1.5332,1049274,18277452.94,0.2586
2017/5/19,17.38,17.5,17.36,17.5,17.34,0.9227,877661,15301547.4,0.2163
2017/5/22,17.56,17.68,16.61,16.65,17.5,-4.8571,2051017,35087965.4,0.5056
2017/5/23,16.6,16.76,16.06,16.15,16.65,-3.003,2078556,34227535.45,0.5124
2017/5/24,16.08,16.87,15.37,16.81,16.15,4.0867,2753640,44849757.35,0.6788
2017/5/25,16.77,16.84,16.35,16.71,16.81,-0.5949,1512420,25128178.09,0.3728
2017/5/26,16.65,17.5,16.58,17.18,16.71,2.8127,2315632,39360868.78,0.5708
2017/5/31,17.16,17.5,17,17.01,17.18,-0.9895,979399,16832449.75,0.2414
2017/6/1,17,17.19,16.3,16.33,17.01,-3.9976,977868,16422501.06,0.241
2017/6/2,16.19,16.76,16.1,16.5,16.33,1.041,956230,15667595.42,0.2357
2017/6/5,16.54,16.85,16.32,16.8,16.5,1.8182,1015801,16937239.96,0.2504
2017/6/6,16.8,16.97,16.62,16.81,16.8,0.0595,897885,15091288.27,0.2213
2017/6/7,16.66,17.19,16.66,17.02,16.81,1.2493,1339756,22809635.25,0.3302
2017/6/8,17.2,17.22,16.91,16.93,17.02,-0.5288,1112887,18953898.41,0.2743
2017/6/9,16.9,17.17,16.89,17.08,16.93,0.886,2042148,34714350.81,0.5034
2017/6/12,17.08,17.36,16.87,17.05,17.08,-0.1756,2178559,37531774.36,0.537
2017/6/13,17.05,17.16,16.81,17.08,17.05,0.176,1012172,17229206.72,0.2495
2017/6/14,17.08,17.08,16.76,16.82,17.08,-1.5222,1704378,28777496.41,0.4201
2017/6/15,16.83,17.3,16.8,17.29,16.82,2.7943,2157450,36895851.82,0.5318
2017/6/16,17.23,17.23,16.95,16.99,17.29,-1.7351,1723965,29394417.89,0.425
2017/6/19,17.02,17.08,16.9,17,16.99,0.0589,1015244,17239930.64,0.2503
2017/6/20,17,17.08,16.75,16.82,17,-1.0588,1728150,29200527.47,0.426
2017/6/21,16.83,16.9,16.24,16.45,16.82,-2.1998,2600860,42873734.76,0.6411
2017/6/22,16.48,16.69,15.97,15.97,16.45,-2.9179,2785459,45633364.47,0.6866
2017/6/23,16.15,16.35,15.94,16.31,15.97,2.129,2747232,44471199.04,0.6772
2017/6/26,16.3,16.44,16.14,16.39,16.31,0.4905,1293679,21103562.58,0.3189
2017/6/27,16.39,16.53,16.21,16.38,16.39,-0.061,1154915,18981468.68,0.2847
2017/6/28,16.39,16.45,16.31,16.38,16.38,0,1125827,18419779.84,0.2775
2017/6/29,16.48,16.59,16.36,16.53,16.38,0.9158,1143412,18875448.88,0.2819
2017/6/30,16.45,16.68,16.41,16.62,16.53,0.5445,1107333,18383210.87,0.273
2017/7/3,16.62,16.7,16.31,16.68,16.62,0.361,2299480,37913886.72,0.5668
2017/7/4,17.1,18.35,16.88,17.93,16.68,7.494,8344388,148538894.1,2.0569
2017/7/5,17.66,18.08,17.6,17.67,17.93,-1.4501,4289700,76139380.03,1.0574
2017/7/6,17.62,17.74,17.45,17.48,17.67,-1.0753,3050469,53576729.8,0.7519
2017/7/7,17.36,17.57,17.08,17.26,17.48,-1.2586,2806504,48458620.3,0.6918
2017/7/10,17.08,17.38,17.08,17.19,17.26,-0.4056,1625477,28058188.32,0.4007
2017/7/11,17.19,17.5,17.12,17.19,17.19,0,1724133,29925670.79,0.425
2017/7/12,17.17,17.6,17.12,17.57,17.19,2.2106,2667359,46500484,0.6575
2017/7/13,17.6,17.77,17.51,17.59,17.57,0.1138,1769475,31145492.37,0.4362
2017/7/14,17.51,17.85,17.38,17.81,17.59,1.2507,1856787,32704698.37,0.4577
2017/7/17,17.9,17.98,16.68,17.04,17.81,-4.3234,2384983,41608256.28,0.5879
2017/7/18,16.97,17.2,16.2,16.62,17.04,-2.4648,2023032,33589035,0.4987
2017/7/19,16.48,16.65,16.15,16.49,16.62,-0.7822,2813306,46138781.98,0.6935
2017/7/20,16.46,16.62,16.35,16.42,16.49,-0.4245,1889997,31164085.91,0.4659
2017/7/21,16.5,16.5,16.01,16.17,16.42,-1.5225,2096119,33925975.45,0.5167
2017/7/24,16.12,16.16,15.88,16.06,16.17,-0.6803,1596540,25535717.2,0.3935
2017/7/25,16.09,16.15,15.88,16.14,16.06,0.4981,1516866,24282696.89,0.3739
2017/7/26,16.12,16.12,15.86,15.93,16.14,-1.3011,1171571,18664818.74,0.2888
2017/7/27,15.94,16.55,15.88,16.36,15.93,2.6993,2427320,39626013.2,0.5983
2017/7/28,16.28,16.44,16.15,16.25,16.36,-0.6724,1200915,19542140.75,0.296
2017/7/31,16.25,16.56,16.13,16.55,16.25,1.8462,1864395,30620554.95,0.4596
2017/8/1,16.55,16.59,16.31,16.42,16.55,-0.7855,1118829,18354686.99,0.2758
2017/8/2,16.37,16.5,16.22,16.38,16.42,-0.2436,1352616,22164969.12,0.3334
2017/8/3,16.43,16.54,16.31,16.49,16.38,0.6716,1216292,20043392.34,0.2998
2017/8/4,16.5,16.57,16.25,16.4,16.49,-0.5458,1811430,29650357.03,0.4465
2017/8/7,16.31,16.44,16.28,16.4,16.4,0,1064214,17413087.61,0.2623
2017/8/8,16.4,16.5,16.34,16.41,16.4,0.061,1146495,18836801.92,0.2826
2017/8/9,16.48,16.48,16.2,16.25,16.41,-0.975,2634945,42912447.27,0.6495
2017/8/10,16.25,16.74,16.22,16.74,16.25,3.0154,3215885,53060111.62,0.7927
2017/8/11,16.86,16.87,16.01,16.16,16.74,-3.4648,2916250,48020395.23,0.7189
2017/8/14,16.12,16.38,16.08,16.36,16.16,1.2376,1242605,20218771.69,0.3063
2017/8/15,16.4,16.44,16.2,16.36,16.36,0,960435,15690073.58,0.2367
2017/8/16,16.37,16.81,16.31,16.61,16.36,1.5281,1830318,30350893.63,0.4512
2017/8/17,16.61,17.04,16.5,16.96,16.61,2.1072,1972460,33226522.55,0.4862
2017/8/18,17.15,17.49,16.78,16.82,16.96,-0.8255,4491041,77024507.12,1.107
2017/8/21,16.95,17.07,16.71,16.9,16.82,0.4756,2041625,34531735.68,0.5033
2017/8/22,16.82,16.9,16.65,16.77,16.9,-0.7692,1771241,29662662.72,0.4366
2017/8/23,16.77,16.84,16.61,16.74,16.77,-0.1789,950212,15889664.43,0.2342
2017/8/24,16.71,16.83,16.59,16.62,16.74,-0.7168,800611,13371040.37,0.1974
2017/8/25,16.61,16.82,16.58,16.79,16.62,1.0229,1303766,21791939.42,0.3214
2017/8/28,16.73,16.96,16.73,16.91,16.79,0.7147,2014892,34015859.04,0.4967
2017/8/29,16.84,16.94,16.67,16.8,16.91,-0.6505,1258087,21134637.9,0.3101
2017/8/30,16.82,16.82,16.7,16.77,16.8,-0.1786,1538001,25785587.18,0.3791
2017/8/31,16.74,16.84,16.68,16.8,16.77,0.1789,1098418,18397897.45,0.2708
2017/9/1,16.79,16.8,16.67,16.75,16.8,-0.2976,1125085,18822286.93,0.2773
2017/9/4,16.75,17.04,16.68,16.94,16.75,1.1343,1891050,31909713.54,0.4661
2017/9/5,16.95,17.26,16.89,17.01,16.94,0.4132,1696774,28912821.97,0.4183
2017/9/6,16.9,17.17,16.77,17.14,17.01,0.7643,1667707,28251916.93,0.4111
2017/9/7,17.18,17.27,17,17.02,17.14,-0.7001,1572865,26866434.22,0.3877
2017/9/8,17.02,17.36,16.95,17.27,17.02,1.4689,2291344,39374337.04,0.5648
2017/9/11,17.27,17.43,17.17,17.22,17.27,-0.2895,1668343,28834494.81,0.4112
2017/9/12,17.31,17.38,17.02,17.15,17.22,-0.4065,1494880,25640969.88,0.3685
2017/9/13,17.2,17.75,17.2,17.68,17.15,3.0904,2465689,43050784.32,0.6078
2017/9/14,17.54,17.59,17.38,17.5,17.68,-1.0181,1693681,29634973.43,0.4175
2017/9/15,17.5,17.99,17.44,17.78,17.5,1.6,2441437,43245193.83,0.6018
2017/9/18,17.77,18.38,17.68,18.35,17.78,3.2058,3811742,69143034.93,0.9396
2017/9/19,18.34,18.58,18.04,18.1,18.35,-1.3624,2756584,50235434.11,0.6795
2017/9/20,18.06,18.37,18,18.04,18.1,-0.3315,2261009,40999479.52,0.5573
2017/9/21,18,18.34,18,18.06,18.04,0.1109,2433550,44320325.32,0.5999
2017/9/22,18,18,17.63,17.71,18.06,-1.938,1357500,24146458.52,0.3346
2017/9/25,17.68,17.98,17.58,17.71,17.71,0,605950,10766877.38,0.1494
2017/9/26,17.68,17.81,17.58,17.75,17.71,0.2259,659732,11675832.02,0.1626
2017/9/27,17.92,17.93,17.59,17.79,17.75,0.2254,709404,12610636.84,0.1749
2017/9/28,17.79,17.96,17.76,17.8,17.79,0.0562,744781,13295235.42,0.1836
2017/9/29,17.92,19.03,17.81,18.45,17.8,3.6517,2412380,44741084.52,0.5947
2017/10/9,18.77,19.03,18.3,18.91,18.45,2.4932,2214031,41348472.71,0.5458
2017/10/10,18.84,18.98,18.54,18.82,18.91,-0.4759,1531166,28689232.64,0.3774
2017/10/11,18.76,19.23,18.53,18.8,18.82,-0.1063,1564841,29484974.1,0.3857
2017/10/12,18.8,19.08,18.63,19.03,18.8,1.2234,1666197,31527428.75,0.4107
2017/10/13,19.03,19.17,19.03,19.13,19.03,0.5255,1566706,29926149.92,0.3862
2017/10/16,19.19,19.21,18.51,18.87,19.13,-1.3591,1997622,37469076.82,0.4924
2017/10/17,18.83,18.87,18.54,18.77,18.87,-0.5299,729380,13629895.26,0.1798
2017/10/18,18.77,19.21,18.77,18.83,18.77,0.3197,1060148,20109133.3,0.2613
2017/10/19,18.83,18.99,18.21,18.26,18.83,-3.0271,1236527,22924238.04,0.3048
2017/10/20,18.19,18.36,17.78,18.08,18.26,-0.9858,1852905,33415276.76,0.4567
2017/10/23,18.06,18.08,17.8,17.93,18.08,-0.8296,1685974,30168656.56,0.4156
2017/10/24,17.97,18.17,17.66,17.8,17.93,-0.725,1160025,20744431.42,0.2859
2017/10/25,17.71,18.01,17.46,17.92,17.8,0.6742,1294620,23116481.08,0.3191
2017/10/26,17.93,18.22,17.82,17.99,17.92,0.3906,1288602,23267242.12,0.3176
2017/10/27,17.97,17.97,17.59,17.62,17.99,-2.0567,1911035,33772002.95,0.4711
2017/10/30,17.51,17.59,15.86,16.66,17.62,-5.4484,1951802,32905416.56,0.4811
2017/10/31,16.69,16.86,16.5,16.72,16.66,0.3601,1198018,19963964.2,0.2953
2017/11/1,16.66,16.83,16.37,16.49,16.72,-1.3756,1812316,29975714.8,0.4467
2017/11/2,16.39,16.52,15.94,15.97,16.49,-3.1534,1972400,31978058.8,0.4862
2017/11/3,16,16.09,15.57,15.63,15.97,-2.129,2422870,38243191.39,0.5972
2017/11/6,15.7,16.33,15.6,16.18,15.63,3.5189,3191116,51165262.5,0.7866
2017/11/7,16.23,16.63,16.23,16.37,16.18,1.1743,1968016,32306271.44,0.4851
2017/11/8,16.37,16.48,16.05,16.09,16.37,-1.7104,2393643,38730208.48,0.59
2017/11/9,16.09,16.24,15.96,16.16,16.09,0.4351,1626000,26172631,0.4008
2017/11/10,16.22,16.22,15.84,15.9,16.16,-1.6089,2264842,36214636.5,0.5583
2017/11/13,15.93,16.06,15.71,16,15.9,0.6289,1549713,24640199.44,0.382
2017/11/14,15.91,15.98,15.62,15.7,16,-1.875,1565604,24652045.56,0.3859
2017/11/15,15.63,15.76,15.22,15.3,15.7,-2.5478,2012987,31131640.1,0.4962
2017/11/16,15.3,15.41,15.01,15.25,15.3,-0.3268,2065878,31477225.59,0.5092
2017/11/17,15.27,15.28,14.16,14.25,15.25,-6.5574,3841925,55969326,0.947
2017/11/20,14.31,14.52,13.82,14.45,14.25,1.4035,2574000,36446396.86,0.6345
2017/11/21,14.35,14.45,13.86,14,14.45,-3.1142,2971376,41885653.3,0.7324
2017/11/22,14.02,14.28,13.71,14.13,14,0.9286,2782600,38996952.24,0.6859
2017/11/23,14.09,14.09,13.68,13.7,14.13,-3.0432,2843000,39389510,0.7008
2017/11/24,13.6,13.98,13.55,13.72,13.7,0.146,1587300,21847719.71,0.3913
2017/11/27,13.58,13.76,13.25,13.47,13.72,-1.8222,1959600,26510902,0.483
2017/11/28,13.47,13.65,13.4,13.61,13.47,1.0393,2065000,27939740,0.509
2017/11/29,13.65,14.11,13.6,13.96,13.61,2.5716,3508017,48566471.03,0.8647
2017/11/30,13.87,13.99,13.66,13.74,13.96,-1.5759,1784106,24652965.2,0.4398
2017/12/1,13.75,13.97,13.71,13.89,13.74,1.0917,1304733,18083794.6,0.3216
2017/12/4,13.95,13.98,13.76,13.78,13.89,-0.7919,1307400,18153473.79,0.3223
2017/12/5,13.66,13.79,12.99,13.03,13.78,-5.4427,2515067,33451305.01,0.62
2017/12/6,13,13.35,12.95,13.29,13.03,1.9954,1368700,17955366,0.3374
2017/12/7,13.27,13.42,13.19,13.26,13.29,-0.2257,949600,12641242.17,0.2341
2017/12/8,13.39,13.46,13.19,13.41,13.26,1.1312,864600,11562964,0.2131
2017/12/11,13.4,13.48,13.34,13.46,13.41,0.3729,1024912,13733170.2,0.2526
2017/12/12,13.42,13.48,13.15,13.22,13.46,-1.7831,1152200,15316139,0.284
2017/12/13,13.15,13.35,13.06,13.33,13.22,0.8321,1056100,13929077,0.2603
2017/12/14,13.28,13.28,13.12,13.2,13.33,-0.9752,942403,12411538.9,0.2323
2017/12/15,13.12,13.21,13.02,13.21,13.2,0.0758,772709,10145119.14,0.1905
2017/12/18,13.17,13.35,13.13,13.19,13.21,-0.1514,1157800,15348907,0.2663
2017/12/19,13.25,13.44,13.17,13.29,13.19,0.7582,1154193,15373988.25,0.2655
2017/12/20,13.25,13.25,12.89,12.96,13.29,-2.4831,1383633,18033643.35,0.3182
2017/12/21,12.98,13.04,12.7,12.92,12.96,-0.3086,1020100,13147647,0.2346
2017/12/22,13.05,13.19,13,13.15,12.92,1.7802,1273716,16695626.6,0.293
2017/12/25,13.15,13.3,13.05,13.15,13.15,0,1751300,22999248,0.4028
2017/12/26,13.15,13.79,13.01,13.65,13.15,3.8023,3583092,48260006.69,0.8241
2017/12/27,13.59,13.65,13.35,13.41,13.65,-1.7582,1960804,26403102.56,0.451
2017/12/28,13.42,13.48,13.06,13.21,13.41,-1.4914,2716788,35798727.08,0.6249
2017/12/29,13.2,13.34,13.08,13.27,13.21,0.4542,1752829,23095008.97,0.4032
2018/1/2,13.46,13.63,13.23,13.61,13.27,2.5622,2112309,28316360.03,0.4858
2018/1/3,13.59,13.71,13.42,13.66,13.61,0.3674,1982705,26972571.47,0.456
2018/1/4,13.68,13.74,13.5,13.57,13.66,-0.6589,2390326,32449370.59,0.5498
2018/1/5,13.69,14.1,13.56,13.77,13.57,1.4738,4238237,58233483.32,0.9748
2018/1/8,13.71,13.71,13.47,13.65,13.77,-0.8715,2968724,40351344.4,0.6828
2018/1/9,13.62,14.02,13.52,13.7,13.65,0.3663,3426140,47274311.88,0.788
2018/1/10,13.65,13.85,13.32,13.5,13.7,-1.4599,3806432,51570080.08,0.8755
2018/1/11,13.47,13.75,13.41,13.73,13.5,1.7037,2487140,33862534.2,0.572
2018/1/12,13.76,14.19,13.68,13.86,13.73,0.9468,3544146,49335982.97,0.8152
2018/1/15,13.89,14.05,13.39,13.45,13.86,-2.9582,3069693,42013826.7,0.706
2018/1/16,13.4,14.1,13.32,13.96,13.45,3.7918,4353850,60103370.33,1.0014
2018/1/17,13.91,14.3,13.79,14.25,13.96,2.0774,6115534,86309806.57,1.4066
2018/1/18,14.2,14.4,14.06,14.12,14.25,-0.9123,3323843,47161590.98,0.7645
2018/1/19,14.05,14.2,13.96,14.05,14.12,-0.4958,2271626,31942359.78,0.5225
2018/1/22,14.05,14.19,13.9,14.14,14.05,0.6406,2332300,32852856,0.5364
2018/1/23,14.1,14.25,14.03,14.05,14.14,-0.6365,2392900,33817054.58,0.5504
2018/1/24,13.97,14.06,13.67,13.96,14.05,-0.6406,3364508,46673407.17,0.7738
2018/1/25,13.97,14.03,13.83,13.94,13.96,-0.1433,2047275,28590528.04,0.4709
2018/1/26,13.92,14.12,13.74,13.79,13.94,-1.076,2954757,41077477.03,0.6796
2018/1/29,13.72,13.79,13.32,13.35,13.79,-3.1907,3731143,50320228.55,0.8582
2018/1/30,13.35,13.4,13.21,13.28,13.35,-0.5243,1682322,22371121.89,0.3869
2018/1/31,13.19,13.35,12.18,12.23,13.28,-7.9066,4046293,51533475.1,0.9307
2018/2/1,12.25,12.38,11.53,11.66,12.23,-4.6607,3330100,39602059.55,0.7659
2018/2/2,11.66,11.79,11.18,11.66,11.66,0,2072400,24002311.97,0.4767
2018/2/5,11.5,11.6,11.1,11.36,11.66,-2.5729,2269904,25731701.16,0.5221
2018/2/6,10.83,11.33,10.81,10.92,11.36,-3.8732,3047976,33558433.61,0.701
2018/2/7,11.29,11.3,10.6,10.71,10.92,-1.9231,2687776,29150777.68,0.6182
2018/2/8,10.61,10.99,10.61,10.95,10.71,2.2409,2166179,23445033.24,0.4982
2018/2/9,10.73,10.79,10.43,10.6,10.95,-3.1963,2030476,21523614.44,0.467
2018/2/12,10.74,10.96,10.63,10.91,10.6,2.9245,1601469,17362694.57,0.3683
2018/2/13,10.99,11.05,10.78,10.84,10.91,-0.6416,1545506,16861463.51,0.3555
2018/2/14,10.83,10.9,10.8,10.87,10.84,0.2768,524456,5683576.48,0.1206
2018/2/22,10.92,11.05,10.92,11.03,10.87,1.4719,915990,10082360.9,0.2107
2018/2/23,11.03,11.27,10.94,11.19,11.03,1.4506,1711738,19001724.88,0.3937
2018/2/26,11.18,11.39,11.11,11.33,11.19,1.2511,1888440,21278721.8,0.4343
2018/2/27,11.33,11.5,11.2,11.29,11.33,-0.353,1899418,21506213.69,0.4369
2018/2/28,11.39,12.42,11.29,12.42,11.29,10.0089,9420077,114618484.6,2.1666
2018/3/1,12.77,13.4,12.67,13,12.42,4.6699,11651748,150685564,2.6799
2018/3/2,12.71,13.19,12.67,12.92,13,-0.6154,6661444,85797854.7,1.5321
2018/3/5,12.89,13.48,12.75,13.13,12.92,1.6254,4917634,64677681.97,1.1311
2018/3/6,13.13,13.77,13.03,13.66,13.13,4.0366,4798686,64549736.4,1.1037
2018/3/7,13.51,13.79,13.27,13.44,13.66,-1.6105,3464603,46600324.84,0.7969
2018/3/8,13.39,13.55,13.27,13.36,13.44,-0.5952,2707156,36315605.71,0.6226
2018/3/9,13.48,13.66,13.32,13.65,13.36,2.1707,2912967,39508501.75,0.67
2018/3/12,13.94,13.94,13.61,13.62,13.65,-0.2198,3429239,47145263.29,0.7887
2018/3/13,13.62,14.19,13.53,14.15,13.62,3.8913,4140124,57760435.15,0.9522
2018/3/14,14.17,14.33,13.85,13.85,14.15,-2.1201,3948009,55634927.78,0.908
2018/3/15,13.72,13.94,13.33,13.52,13.85,-2.3827,3483983,47455145.53,0.8013
2018/3/16,13.59,13.64,13.25,13.39,13.52,-0.9615,2370289,31760672.71,0.5452
2018/3/19,13.29,13.57,13.27,13.43,13.39,0.2987,1455000,19535358.11,0.3347
2018/3/20,13.33,14.25,13.21,14.08,13.43,4.8399,3513704,48911698.3,0.8082
2018/3/21,14.09,14.2,13.55,13.6,14.08,-3.4091,2167400,30056360.64,0.4985
2018/3/22,13.62,13.85,13.51,13.66,13.6,0.4412,1450364,19793219.84,0.3336
2018/3/23,13.23,13.86,12.86,13.29,13.66,-2.7086,4704439,62782983.85,1.082
2018/3/26,13.04,14.62,12.9,14.62,13.29,10.0075,7158752,100240021.3,1.6465
2018/3/27,14.95,15.3,14.73,15,14.62,2.5992,7011132,105359841.1,1.6126
2018/3/28,14.74,15.28,14.5,14.6,15,-2.6667,3697620,54752064.72,0.8505
2018/3/29,14.65,14.95,14.5,14.74,14.6,0.9589,3496314,51503959.7,0.8042
2018/3/30,14.61,15.19,14.53,15.1,14.74,2.4423,3500986,52109846.41,0.8052
2018/4/2,15,15.1,14.73,14.84,15.1,-1.7219,2196267,32679817.13,0.5051
2018/4/3,14.65,15.25,14.5,14.93,14.84,0.6065,2370920,35446565.71,0.5453
2018/4/4,14.94,15.67,14.83,15.3,14.93,2.4782,3857152,59061101.97,0.8871
2018/4/9,15.22,15.22,14.81,15,15.3,-1.9608,2041662,30639795.9,0.4696
2018/4/10,15.08,15.22,14.35,14.6,15,-2.6667,2568720,37577510,0.5908
2018/4/11,14.7,14.78,14.5,14.63,14.6,0.2055,2314950,33781227.26,0.5324
2018/4/12,14.55,14.68,14.37,14.46,14.63,-1.162,2230592,32332253.11,0.513
2018/4/13,14.44,14.73,14.42,14.5,14.46,0.2766,1257663,18306130.18,0.2893
2018/4/16,14.5,14.86,14.5,14.55,14.5,0.3448,1899227,27862113.91,0.4368
2018/4/17,14.55,15.28,14.37,14.6,14.55,0.3436,3549009,52487090.11,0.8163
2018/4/18,14.55,14.65,14.18,14.58,14.6,-0.137,2281255,32937361.99,0.5247
2018/4/19,14.4,14.85,14.4,14.64,14.58,0.4115,1995453,29228832.81,0.459
2018/4/20,14.5,14.66,14.3,14.3,14.64,-2.3224,1426243,20614447.67,0.328
2018/4/23,13.51,13.74,12.87,12.87,14.3,-10,4216894,55761217.58,0.9699
2018/4/24,12.87,13.07,12.46,12.77,12.87,-0.777,5663165,71760185.96,1.3025
2018/4/25,12.61,12.69,12.32,12.46,12.77,-2.4276,3395435,42333482.29,0.781
2018/4/26,12.49,12.55,12.09,12.21,12.46,-2.0064,3543936,43536175.91,0.8151
2018/4/27,12.21,12.39,12.15,12.23,12.21,0.1638,1392954,17087006.36,0.3204
2018/5/2,12.35,12.57,12.26,12.44,12.23,1.7171,1687000,20979705,0.388
2018/5/3,12.39,12.49,11.9,12.41,12.44,-0.2412,1873400,22778822,0.4309
2018/5/4,12.39,12.48,12.25,12.43,12.41,0.1612,1097500,13587484,0.2524
2018/5/7,12.42,12.85,12.33,12.78,12.43,2.8158,2808900,35580871.5,0.6461
2018/5/8,12.68,13.28,12.68,13.17,12.78,3.0516,2981937,38947229.92,0.6858
2018/5/9,13.17,13.22,12.96,13.19,13.17,0.1519,1065297,13937153.06,0.245
2018/5/10,13.28,13.59,12.94,13.57,13.19,2.881,3060424,40432637.53,0.7039
2018/5/11,13.49,13.6,12.94,13.09,13.57,-3.5372,2849927,37682743.86,0.6555
2018/5/14,13.18,13.18,12.8,12.85,13.09,-1.8335,1531200,19790219.02,0.3522
2018/5/15,12.77,13.29,12.65,13.16,12.85,2.4125,2179009,28342528.45,0.5012
2018/5/16,13.11,14.15,13.02,13.7,13.16,4.1033,4477614,61339154.73,1.0299
2018/5/17,13.71,13.95,13.67,13.76,13.7,0.438,2039764,28100950.6,0.4691
2018/5/18,13.66,14.12,13.46,14,13.76,1.7442,2236962,31015028.19,0.5145
2018/5/21,13.93,14.65,13.91,14.32,14,2.2857,2738953,39314340.29,0.63
2018/5/22,14.23,14.9,14.11,14.75,14.32,3.0028,2927008,42356042.28,0.6732
2018/5/23,14.72,15.37,14.61,15.1,14.75,2.3729,5574851,84243288.44,1.2822
2018/5/24,14.93,15.2,14.7,14.95,15.1,-0.9934,2320120,34815152.26,0.5336
2018/5/25,14.95,15.25,14.7,15.03,14.95,0.5351,3141174,47146863.78,0.7225
2018/5/28,15.03,15.23,14.51,15.03,15.03,0,3212259,48143496.9,0.7388
2018/5/29,14.92,15.36,14.91,15.14,15.03,0.7319,3519390,53294569.94,0.8095
2018/5/30,14.97,15.54,14.73,15.2,15.14,0.3963,4762712,72212124.68,1.0954
2018/5/31,15.24,16.68,14.86,16,15.2,5.2632,6642938,104841964.9,1.5279
2018/6/1,16,16,15.15,15.45,16,-3.4375,5522884,85927110.92,1.2703
2018/6/4,15.4,15.86,15.3,15.35,15.45,-0.6472,4379152,68492515.85,1.0072
2018/6/5,15.39,15.63,15.02,15.46,15.35,0.7166,2782406,42745909.07,0.64
2018/6/6,15.46,16.13,15.35,16.11,15.46,4.2044,3793591,60057795.35,0.8725
2018/6/7,16.3,16.42,15.71,15.8,16.11,-1.9243,3860732,62182260.79,0.888
2018/6/8,15.85,16.01,15.4,15.5,15.8,-1.8987,2868927,44921454.91,0.6599
2018/6/11,15.5,15.5,14.97,15.2,15.5,-1.9355,2723172,41342373.47,0.6263
2018/6/12,15.27,15.6,14.82,15.5,15.2,1.9737,3740080,57203873.64,0.8602
2018/6/13,15.25,15.65,15.25,15.33,15.5,-1.0968,1510000,23317238.78,0.3473
2018/6/14,15.52,15.94,15.33,15.43,15.33,0.6523,3220853,50466333.6,0.7408
2018/6/15,15.5,15.5,14.3,14.4,15.43,-6.6753,3767568,55909636.53,0.8665
2018/6/19,14.5,14.83,13.08,13.76,14.4,-4.4444,3859455,54822881.75,0.8877
2018/6/20,13.53,14.36,13.53,14.11,13.76,2.5436,1878915,26445606.95,0.4322
2018/6/21,14.08,14.33,13.5,13.68,14.11,-3.0475,2334417,32399165.57,0.5369
2018/6/22,13.72,14.22,13.5,14.12,13.68,3.2164,1976673,27458334.41,0.4546
2018/6/25,14.29,14.31,13.38,13.45,14.12,-4.745,2776956,38331592.51,0.6387
2018/6/26,13.34,13.55,12.88,13.55,13.45,0.7435,2606741,34601713.46,0.5996
2018/6/27,13.52,13.59,13.1,13.19,13.55,-2.6568,1851310,24748575.58,0.4258
2018/6/28,13.19,13.49,12.93,13.04,13.19,-1.1372,1200336,15876392.05,0.2855
2018/6/29,12.91,13.7,12.91,13.51,13.04,3.6043,2714798,36370251.13,0.6457
2018/7/2,13.52,13.92,13.1,13.2,13.51,-2.2946,1975446,26724340.75,0.4698
2018/7/3,13.21,13.3,12.75,13.2,13.2,0,2991850,39034104.31,0.7115
2018/7/4,13.22,13.3,12.91,13.03,13.2,-1.2879,1370584,17969262.18,0.326
2018/7/5,13.04,13.17,12.09,12.24,13.03,-6.0629,3192846,39975141.12,0.7593
2018/7/6,12.25,12.47,11.03,11.62,12.24,-5.0654,6593989,76696496.15,1.5682
2018/7/9,11.67,11.94,11.48,11.69,11.62,0.6024,3541354,41604679.8,0.8422
2018/7/10,11.75,12.05,11.61,12.01,11.69,2.7374,2735581,32318544.28,0.5324
2018/7/11,11.95,11.95,11.09,11.45,12.01,-4.6628,3275973,37322425.63,0.6376
2018/7/12,11.33,11.87,11.33,11.77,11.45,2.7948,2517433,29299032.54,0.49
2018/7/13,11.86,12.18,11.71,12.09,11.77,2.7188,2368310,28537204.4,0.4609
2018/7/16,12.09,12.16,11.83,12.01,12.09,-0.6617,2161603,25870071.75,0.4207
2018/7/17,11.99,13.21,11.94,13.21,12.01,9.9917,6132035,77922095.48,1.1935
2018/7/18,13.33,13.65,12.87,13.1,13.21,-0.8327,6227475,82716028,1.212
2018/7/19,13.08,13.18,12.68,12.7,13.1,-3.0534,3660492,47070233.76,0.7124
2018/7/20,12.9,12.96,12.56,12.93,12.7,1.811,2689244,34404000.77,0.5234
2018/7/23,12.72,13.1,12.71,12.92,12.93,-0.0773,1934068,24933422,0.3764
2018/7/24,12.81,13.12,12.76,13.11,12.92,1.4706,2931934,37974482.02,0.5706
2018/7/25,13.12,14.4,12.93,13.95,13.11,6.4073,4671038,63940754.96,0.9091
2018/7/26,13.83,14.15,13.38,13.54,13.95,-2.9391,3379128,46178581.48,0.6577
2018/7/27,13.75,14.66,13.56,13.93,13.54,2.8804,4935438,69630012.8,0.9606
2018/7/30,13.87,14.29,13.52,14.13,13.93,1.4358,2846000,39541293.38,0.5539
2018/7/31,14.13,14.46,13.75,13.8,14.13,-2.3355,2558274,35965397.14,0.4979
2018/8/1,13.82,14.36,13.62,13.8,13.8,0,2200708,30720537.74,0.4283
2018/8/2,13.67,13.98,13.22,13.53,13.8,-1.9565,3519253,47412754.85,0.6849
2018/8/3,13.5,13.74,12.6,12.74,13.53,-5.8389,3168768,41735568.08,0.6167
2018/8/6,12.78,13.59,12.37,12.58,12.74,-1.2559,3841000,49689174.78,0.7476
2018/8/7,12.66,13.05,12.6,13.05,12.58,3.7361,2307230,29632717.6,0.449
2018/8/8,12.99,13.19,12.42,12.53,13.05,-3.9847,2484524,31609882.58,0.4836
2018/8/9,12.57,13.08,12.42,13.01,12.53,3.8308,2124761,27360162.82,0.4135
2018/8/10,12.92,13.26,12.85,13.25,13.01,1.8447,1516865,19840687.49,0.2952
2018/8/13,13.15,13.3,12.77,13.3,13.25,0.3774,1319263,17175547.74,0.2568
2018/8/14,13.2,13.38,13.09,13.35,13.3,0.3759,1168000,15447642,0.2273
2018/8/15,13.37,13.39,12.3,12.39,13.35,-7.191,3306502,42054829.24,0.6435
2018/8/16,12.21,12.65,11.93,12.65,12.39,2.0985,2400302,29619386.7,0.4672
2018/8/17,12.72,12.72,12.11,12.32,12.65,-2.6087,2029502,25038844.94,0.395
2018/8/20,12.43,12.43,12.01,12.23,12.32,-0.7305,1205180,14648686.39,0.2346
2018/8/21,12.22,12.51,12.13,12.47,12.23,1.9624,1124301,13878228.34,0.2188
2018/8/22,12.15,12.34,11.3,11.5,12.47,-7.7787,6626018,77503833.29,1.2896
2018/8/23,11.36,11.54,11.08,11.21,11.5,-2.5217,3813401,42986124.14,0.7422
2018/8/24,11.32,11.46,11.22,11.37,11.21,1.4273,3470374,39340401.2,0.6754
2018/8/27,11.37,11.63,11.37,11.51,11.37,1.2313,2425261,27909237.41,0.472
2018/8/28,11.53,11.85,11.45,11.8,11.51,2.5195,2549597,29778114.33,0.4962
2018/8/29,11.79,11.86,11.58,11.61,11.8,-1.6102,1251423,14612024.98,0.2436
2018/8/30,11.62,11.78,11.15,11.26,11.61,-3.0146,1998029,22662472.98,0.3889
2018/8/31,11.26,11.35,11,11.13,11.26,-1.1545,1733100,19363741,0.3373
2018/9/3,11.06,11.24,11.03,11.18,11.13,0.4492,1201600,13374746,0.2339
2018/9/4,11.18,11.49,11.11,11.36,11.18,1.61,1089513,12323345.94,0.212
2018/9/5,11.33,11.4,11.09,11.1,11.36,-2.2887,1270300,14269876,0.2472
2018/9/6,11.11,11.22,11.01,11.05,11.1,-0.4505,888200,9868801,0.1729
2018/9/7,11.03,11.23,10.96,11.08,11.05,0.2715,1323951,14688289.66,0.2577
2018/9/10,11.04,11.08,10.67,10.67,11.08,-3.7004,1539100,16609974,0.2996
2018/9/11,10.67,10.85,10.56,10.7,10.67,0.2812,1393200,14886527,0.2712
2018/9/12,10.76,10.84,10.61,10.74,10.7,0.3738,807640,8697335,0.1572
2018/9/13,10.84,10.9,10.4,10.57,10.74,-1.5829,2998314,31687663.3,0.5836
2018/9/14,10.53,10.69,10.43,10.54,10.57,-0.2838,1412702,14933658.98,0.275
2018/9/17,10.5,10.6,10.42,10.44,10.54,-0.9488,1053500,11070346,0.205
2018/9/18,10.41,10.65,10.36,10.62,10.44,1.7241,1368967,14447990.84,0.2664
2018/9/19,10.62,10.88,10.55,10.79,10.62,1.6008,1615900,17383334,0.3145
2018/9/20,10.79,10.86,10.57,10.61,10.79,-1.6682,1460300,15606976,0.2842
2018/9/21,10.62,10.84,10.62,10.82,10.61,1.9793,1665000,17904040,0.3241
2018/9/25,10.74,10.86,10.6,10.83,10.7,1.215,1311702,14124523.62,0.2553
2018/9/26,10.83,11.06,10.76,11.04,10.83,1.9391,2706820,29613459.45,0.5268
2018/9/27,10.98,12.14,10.92,12.05,11.04,9.1486,7993277,92914013.1,1.5557
2018/9/28,11.75,12.28,11.54,12,12.05,-0.4149,7779963,91919658.93,1.5142
2018/10/8,11.65,13.2,11.53,11.61,12,-3.25,5140623,60917333.03,1.0005
2018/10/9,11.82,11.82,11.28,11.36,11.61,-2.1533,3014500,34566002,0.5867
2018/10/10,11.36,11.44,10.91,11.02,11.36,-2.993,3140700,34813410,0.6113
2018/10/11,10.62,10.68,9.92,9.92,11.02,-9.9819,3894300,39759221.96,0.7579
2018/10/12,9.65,9.95,9.27,9.7,9.92,-2.2177,2501197,24136150.43,0.4868
2018/10/15,9.7,9.9,9.48,9.49,9.7,-2.1649,1131400,10953481,0.2202
2018/10/16,9.51,9.6,9.03,9.09,9.49,-4.215,1767900,16357003,0.3441
2018/10/17,9.31,9.33,9.01,9.19,9.09,1.1001,1709000,15618689,0.3326
2018/10/18,9.17,9.17,8.76,8.76,9.19,-4.679,1617900,14477865,0.3149
2018/10/19,8.4,8.63,7.88,8.21,8.76,-6.2785,7831571,63769926.61,1.5242
2018/10/22,8.37,8.77,8.22,8.56,8.21,4.2631,6654281,56396569.58,1.2951
2018/10/23,8.51,8.76,8.33,8.4,8.56,-1.8692,4832879,41460288.03,0.9406
2018/10/24,8.47,8.71,8.35,8.6,8.4,2.381,4268396,36725100.97,0.8307
2018/10/25,8.25,8.39,8.04,8.34,8.6,-3.0233,4701396,38580862.43,0.915
2018/10/26,8.42,8.44,8.17,8.26,8.34,-0.9592,3562875,29571827.47,0.6934
2018/10/29,8.21,8.21,7.75,8,8.26,-3.1477,3589900,28677480,0.6987
2018/10/30,7.95,8.28,7.81,8.25,8,3.125,3647250,29441241.21,0.7099
2018/10/31,8.23,8.33,8.16,8.27,8.25,0.2424,4561349,37576210.49,0.8878
2018/11/1,8.26,8.52,8.23,8.35,8.27,0.9674,5623940,47233730.37,1.0946
2018/11/2,8.58,8.65,8.41,8.63,8.35,3.3533,4369761,37343960.72,0.8505
2018/11/5,8.63,8.81,8.5,8.69,8.63,0.6952,4685470,40574858.6,0.9119
2018/11/6,8.67,8.75,8.4,8.7,8.69,0.1151,3119783,26707987.99,0.6072
2018/11/7,8.67,8.9,8.63,8.67,8.7,-0.3448,3873841,33893245.46,0.754
2018/11/8,8.81,8.95,8.68,8.76,8.67,1.0381,3738560,32894747.04,0.7276
2018/11/9,8.85,8.85,8.61,8.63,8.76,-1.484,2482687,21589908.06,0.4832
2018/11/12,8.64,9.02,8.61,8.99,8.63,4.1715,3551260,31558918.5,0.6912
2018/11/13,8.89,9.26,8.87,9.24,8.99,2.7809,3903275,35599422.67,0.7597
2018/11/14,9.22,9.63,9.09,9.47,9.24,2.4892,4804537,45237720.75,0.9351
2018/11/15,9.42,9.56,9.33,9.52,9.47,0.528,3621052,34160018.54,0.7048
2018/11/16,9.57,9.78,9.43,9.72,9.52,2.1008,4282696,41098787.54,0.8335
2018/11/19,9.74,9.75,9.5,9.7,9.72,-0.2058,2708300,26033937,0.5271
2018/11/20,9.7,9.7,9.25,9.28,9.7,-4.3299,3346800,31670253,0.6514
2018/11/21,9.22,9.57,9.22,9.5,9.28,2.3707,3043040,28682097.3,0.5923
2018/11/22,9.55,9.91,9.53,9.73,9.5,2.4211,3545900,34403547,0.6901
2018/11/23,9.81,9.82,9.13,9.15,9.73,-5.9609,2979865,28038841.08,0.58
2018/11/26,9.29,9.29,8.98,9.02,9.15,-1.4208,2202900,20071691.8,0.4287
2018/11/27,9.04,9.2,8.95,9.08,9.02,0.6652,1682869,15261218.09,0.3275
2018/11/28,9.44,9.78,9.25,9.52,9.08,4.8458,4728806,44885088.02,0.9204
2018/11/29,9.54,9.68,9.14,9.18,9.52,-3.5714,3570881,33388266.72,0.695
2018/11/30,9.25,9.25,8.83,9.17,9.18,-0.1089,3726195,33660319.14,0.7252
2018/12/3,9.33,9.61,9.21,9.49,9.17,3.4896,3863514,36501622.39,0.7519
2018/12/4,9.43,9.94,9.41,9.91,9.49,4.4257,5250881,51090814.26,1.022
2018/12/5,9.67,9.87,9.62,9.74,9.91,-1.7154,3145903,30620517.92,0.6123
2018/12/6,9.68,9.73,9.4,9.49,9.74,-2.5667,2467915,23524689.43,0.4803
2018/12/7,9.49,9.59,9.35,9.5,9.49,0.1054,1436600,13642276,0.2796
2018/12/10,9.41,9.43,9.18,9.26,9.5,-2.5263,1880081,17455282.58,0.3659
2018/12/11,9.26,9.4,9.24,9.35,9.26,0.9719,1046400,9771498,0.2037
2018/12/12,9.39,9.59,9.38,9.57,9.35,2.3529,1433781,13619876.36,0.2791
2018/12/13,9.57,9.8,9.47,9.7,9.57,1.3584,1986000,19229556.4,0.3865
2018/12/14,9.69,9.79,9.28,9.32,9.7,-3.9175,1807701,17287784.68,0.3518
2018/12/17,9.33,9.63,9.26,9.55,9.32,2.4678,1934875,18288210.65,0.3766
2018/12/18,9.6,9.63,9.3,9.37,9.55,-1.8848,1742752,16421992.33,0.3392
2018/12/19,9.42,9.47,9.02,9.02,9.37,-3.7353,2160070,19803879.5,0.4204
2018/12/20,8.99,9.17,8.96,9.06,9.02,0.4435,2062501,18733788.03,0.4014
2018/12/21,9.05,9.8,9.03,9.31,9.06,2.7594,4003545,37456197.75,0.7792
2018/12/24,9.5,9.52,9.09,9.26,9.31,-0.5371,2562370,23683745.6,0.4987
2018/12/25,9.2,9.2,8.82,9.05,9.26,-2.2678,2439850,21915228.65,0.4749
2018/12/26,8.99,9.14,8.93,8.96,9.05,-0.9945,1909904,17205752,0.3717
2018/12/27,9.09,9.1,8.5,8.65,8.96,-3.4598,3087317,27354329.6,0.6009
2018/12/28,8.68,9.35,8.5,9.14,8.65,5.6647,6107186,54908614.72,1.1886
2019/1/2,9.18,9.27,8.8,8.87,9.14,-2.954,3538121,31892532.12,0.6886
2019/1/3,8.8,9.29,8.65,9.03,8.87,1.8038,4143200,37167937,0.8064
2019/1/4,9.01,9.24,8.82,9.22,9.03,2.1041,3076822,27959035.2,0.5988
2019/1/7,9.2,9.42,9.15,9.4,9.22,1.9523,2381245,22181954.25,0.4635
2019/1/8,9.38,9.43,9.25,9.37,9.4,-0.3191,2119967,19785446.98,0.4126
2019/1/9,9.39,9.55,9.26,9.29,9.37,-0.8538,2352957,22131307.05,0.4579
2019/1/10,9.33,9.33,9.13,9.21,9.29,-0.8611,2331700,21486544,0.4538
2019/1/11,9.25,9.38,9.11,9.28,9.21,0.76,2586756,23831472.64,0.5035
2019/1/14,9.24,9.37,9.19,9.19,9.28,-0.9698,1159358,10731410.16,0.2256
2019/1/15,9.17,9.42,9.17,9.33,9.19,1.5234,2903816,26977826.54,0.5652
2019/1/16,9.34,9.35,9.18,9.22,9.33,-1.179,2750820,25482688.3,0.5354
2019/1/17,9.18,9.24,8.92,8.96,9.22,-2.82,2904413,26308905.85,0.5653
2019/1/18,9.02,9.05,8.88,8.97,8.96,0.1116,1759400,15793168,0.3424
2019/1/21,9.01,9.17,8.99,9.08,8.97,1.2263,1828533,16617630.66,0.3559
2019/1/22,9.1,9.21,8.92,8.96,9.08,-1.3216,2591354,23496622.11,0.5043
2019/1/23,9.06,9.19,9,9.16,8.96,2.2321,1827898,16688195.84,0.3558
2019/1/24,9.06,9.23,9.02,9.2,9.16,0.4367,2711913,24800017.58,0.5278
2019/1/25,9.22,9.22,9.01,9.01,9.2,-2.0652,2616300,23942529,0.5092
2019/1/28,9.11,9.78,9.11,9.33,9.01,3.5516,5579665,52413401.36,1.086
2019/1/29,9.26,9.45,8.88,9.02,9.33,-3.3226,4717873,43135927.55,0.9182
2019/1/30,9.04,9.37,8.98,9.03,9.02,0.1109,3920768,35936093.74,0.7631
2019/1/31,9.03,9.16,8.75,8.99,9.03,-0.443,3100724,27695078.97,0.6035
2019/2/1,8.97,9.55,8.97,9.51,8.99,5.7842,5598679,52313897.53,1.0897
2019/2/11,9.53,10.46,9.4,10.46,9.51,9.9895,8974100,90735634.89,1.7466
2019/2/12,10.73,11.46,10.3,11.17,10.46,6.7878,15584525,169849525.5,3.0332
2019/2/13,10.95,11.66,10.95,11.52,11.17,3.1334,9403356,107031961.1,1.8301
2019/2/14,11.48,12.01,11.3,11.99,11.52,4.0799,6640295,77644599.65,1.2924
2019/2/15,11.7,12.18,11.68,12.02,11.99,0.2502,4070733,48898186.11,0.7923
2019/2/18,12.21,12.39,12.02,12.3,12.02,2.3295,3358395,41178921.34,0.6536
2019/2/19,12.35,12.42,11.92,12,12.3,-2.439,5423300,65585545,1.0555
2019/2/20,12.05,12.45,11.89,12.18,12,1.5,3101866,37673331.16,0.6037
2019/2/21,12.23,13.22,12.11,12.8,12.18,5.0903,8002769,102476208.2,1.5576
2019/2/22,12.86,13.1,12.45,12.99,12.8,1.4844,7071121,89924596.08,1.3762
2019/2/25,13.1,13.31,12.78,13.19,12.99,1.5396,8196094,107062967.8,1.5952
2019/2/26,12.9,12.98,12.42,12.67,13.19,-3.9424,9287131,117640590.6,1.8075
2019/2/27,12.66,12.86,12.44,12.7,12.67,0.2368,4914300,62317257.08,0.9565
2019/2/28,12.76,13.17,12.56,13.01,12.7,2.4409,4554516,58927950.22,0.8864
2019/3/1,13.02,13.3,12.89,13.06,13.01,0.3843,2950336,38497644.78,0.5742
2019/3/4,13.22,14.37,13.13,13.93,13.06,6.6616,10649043,150039728.6,2.0726
2019/3/5,14.19,14.28,13.68,14.16,13.93,1.6511,4754402,66411251.72,0.9253
2019/3/6,14.16,14.44,14.03,14.32,14.16,1.1299,4959579,70563121.82,0.9653
2019/3/7,14.22,14.41,13.8,14.31,14.32,-0.0698,5710802,80614572.22,1.1115
2019/3/8,14.01,14.2,13.74,13.76,14.31,-3.8435,3281889,45706024.9,0.6387
2019/3/11,13.8,14.05,13.31,13.6,13.76,-1.1628,5260863,71713073.23,1.0239
2019/3/12,13.74,14.02,13.51,13.8,13.6,1.4706,4865474,67037181.21,0.947
2019/3/13,13.71,13.91,13.14,13.24,13.8,-4.058,3579466,48214622.77,0.6967
2019/3/14,13.3,13.45,12.97,13.19,13.24,-0.3776,3717495,48892068.85,0.7235
2019/3/15,13.17,13.64,13.11,13.36,13.19,1.2889,2421693,32420774.02,0.4713
2019/3/18,13.29,13.87,13.07,13.75,13.36,2.9192,3558301,48311772.32,0.6925
2019/3/19,13.64,13.74,13.16,13.39,13.75,-2.6182,4392850,58533499.2,0.855
2019/3/20,13.39,14.16,13.29,13.93,13.39,4.0329,6906774,95670146.38,1.3442
2019/3/21,13.8,13.99,13.46,13.79,13.93,-1.005,5278397,72545232.96,1.0273
2019/3/22,13.73,14.03,13.6,13.92,13.79,0.9427,2912831,40204304.23,0.5669
2019/3/25,13.71,13.87,13.52,13.62,13.92,-2.1552,2868300,39192455.65,0.5582
2019/3/26,13.62,14.11,13.56,13.72,13.62,0.7342,4280664,59191355.97,0.8331
2019/3/27,13.73,14.63,13.66,14.63,13.72,6.6327,6032566,85582725.78,1.1741
2019/3/28,14.5,14.9,14.16,14.3,14.63,-2.2556,3565968,51639070.72,0.694
2019/3/29,14.29,14.84,13.93,14.69,14.3,2.7273,3694093,53417663.86,0.719
2019/4/1,15.68,16.16,15.5,16.16,14.69,10.0068,7029929,113160724.4,1.3682
2019/4/2,16.3,16.87,16.06,16.61,16.16,2.7847,7863559,129205786.9,1.5305
2019/4/3,16.48,16.62,16.12,16.48,16.61,-0.7827,3984023,65378624.82,0.7754
2019/4/4,16.48,16.74,16.23,16.34,16.48,-0.8495,3215004,52727003.24,0.6257
2019/4/8,16.38,17.13,16.26,16.48,16.34,0.8568,5991462,99776237.7,1.1661
2019/4/9,16.34,16.78,16.34,16.73,16.48,1.517,3537933,58692997.53,0.6886
2019/4/10,16.79,17.49,16.6,17.2,16.73,2.8093,4182624,71121809.28,0.8141
2019/4/11,17.21,17.29,16.41,16.41,17.2,-4.593,3927534,65833631,0.7644
2019/4/12,16.3,18,16.3,17.75,16.41,8.1658,6483537,112785238,1.2619
2019/4/15,18,18.14,16.99,17.06,17.75,-3.8873,4228107,73556654.77,0.8229
2019/4/16,16.99,17.45,16.39,17.32,17.06,1.524,2580121,43801849.47,0.5022
2019/4/17,17.24,17.54,16.75,16.89,17.32,-2.4827,3950985,67180569.64,0.769
2019/4/18,16.95,17.3,16.71,16.92,16.89,0.1776,1474500,24998347,0.287
2019/4/19,16.79,17.36,16.75,17.28,16.92,2.1277,1868698,31950511.33,0.3637
2019/4/22,17.4,17.4,16.99,17.02,17.28,-1.5046,1464946,25205392.04,0.2851
2019/4/23,17.02,17.31,16.88,17.06,17.02,0.235,1716907,29364238.54,0.3342
2019/4/24,17.06,17.63,16.72,17.5,17.06,2.5791,2444569,42149098.69,0.4758
2019/4/25,17.6,19.19,17.44,18.28,17.5,4.4571,7395518,136232537.2,1.4394
2019/4/26,18.1,18.57,17.4,17.65,18.28,-3.4464,5010677,89905931.69,0.9752
2019/4/29,17.65,17.75,16.02,16.1,17.65,-8.7819,4642380,77317686.02,0.9035
2019/4/30,16.34,17.27,16.2,17.1,16.1,6.2112,5086034,85985037.04,0.9899
2019/5/6,16.12,16.67,15.39,15.39,17.1,-10,4799400,76097646,0.9341
2019/5/7,15.5,16.2,15.24,16,15.39,3.9636,4497995,71403570.05,0.8754
2019/5/8,15.6,17.36,15.5,16.9,16,5.625,5286963,88393676.92,1.029
2019/5/9,16.49,16.9,15.51,15.55,16.9,-7.9882,5521315,88425300.67,1.0746
2019/5/10,15.92,16.46,15.72,16.35,15.55,5.1447,3925975,63355995.15,0.7641
2019/5/13,16.07,16.79,15.98,16.3,16.35,-0.3058,2244000,36873049,0.4367
2019/5/14,16.05,16.55,15.78,15.78,16.3,-3.1902,2662600,42742256.04,0.5182
2019/5/15,16.05,17.12,16.03,17.03,15.78,7.9214,4900273,81773299.26,0.9537
2019/5/16,17.48,17.7,16.47,16.86,17.03,-0.9982,4430100,75045042,0.8622
2019/5/17,16.61,17.08,16.15,16.37,16.86,-2.9063,3981804,66335468.4,0.775
2019/5/20,16.17,16.44,15.3,15.73,16.37,-3.9096,2820522,43958471.5,0.549
2019/5/21,15.71,15.96,15.41,15.74,15.73,0.0636,1872400,29535266,0.3644
2019/5/22,15.75,15.84,15.35,15.55,15.74,-1.2071,1412210,21928796.2,0.2749
2019/5/23,15.45,15.65,14.68,14.8,15.55,-4.8232,2202226,33106226.18,0.4286
2019/5/24,14.67,15.45,14.67,15.01,14.8,1.4189,2071376,31404020.76,0.4031
2019/5/27,14.8,15.5,14.8,15.38,15.01,2.465,2046581,31198875.48,0.3983
2019/5/28,15.38,15.85,15.3,15.54,15.38,1.0403,1989759,31063189.89,0.3873
2019/5/29,15.31,15.83,15.31,15.62,15.54,0.5148,1127900,17657564,0.2195
2019/5/30,15.45,16.12,15.45,15.86,15.62,1.5365,2220800,35057592,0.4322
2019/5/31,16.05,16.05,15.51,15.58,15.86,-1.7654,1070860,16751371.4,0.2084
2019/6/3,15.5,16,15.3,15.55,15.58,-0.1926,1240200,19391443,0.2414
2019/6/4,15.66,15.76,15.03,15.36,15.55,-1.2219,930104,14204088.92,0.181
2019/6/5,15.42,15.6,15.16,15.18,15.36,-1.1719,912000,13956524,0.1775
2019/6/6,15.24,15.41,14.72,14.78,15.18,-2.635,1327896,19858567.04,0.2584
2019/6/10,14.89,15.59,14.79,15.44,14.78,4.4655,2027468,31137342.12,0.3946
2019/6/11,15.44,16.05,15.44,15.83,15.44,2.5259,2601704,41154827.68,0.5064
2019/6/12,15.83,16.1,15.58,15.6,15.83,-1.4529,1707500,26959534,0.3323
2019/6/13,15.56,16.35,15.4,15.89,15.6,1.859,1670400,26427921,0.3251
2019/6/14,15.9,16.35,15.24,15.38,15.89,-3.2096,2033800,31668022,0.3958
2019/6/17,15.3,15.51,15.17,15.39,15.38,0.065,936779,14345216.54,0.1823
2019/6/18,15.36,15.36,15,15.17,15.39,-1.4295,957824,14496975.38,0.1864
2019/6/19,15.53,15.97,15.16,15.2,15.17,0.1978,1465200,22581516,0.2852
2019/6/20,15.33,15.58,15.04,15.51,15.2,2.0395,1951200,30129900,0.3798
2019/6/21,15.56,15.95,15.56,15.84,15.51,2.1277,1891603,29843821.98,0.3682
2019/6/24,15.82,16.87,15.67,16.87,15.84,6.5025,4059795,66575519.48,0.7901
2019/6/25,16.9,17.17,16.41,17.11,16.87,1.4226,4481698,75347842.79,0.8723
2019/6/26,17.02,17.6,16.73,17.34,17.11,1.3442,3221100,55633794.86,0.6269
2019/6/27,17.22,18.15,17.22,17.85,17.34,2.9412,3520800,62766279.16,0.6852
2019/6/28,17.67,18.28,17.42,17.88,17.85,0.1681,2630509,47007538,0.512
2019/7/1,18.06,18.86,18.02,18.33,17.88,2.5168,3205523,59025689.18,0.6239
2019/7/2,18.33,18.61,17.78,18.47,18.33,0.7638,3359871,61610340.32,0.6539
2019/7/3,18.3,18.78,17.76,18.05,18.47,-2.274,5665600,102534467,1.1027
2019/7/4,18.35,18.38,17.6,17.79,18.05,-1.4404,4119549,73373998.28,0.8018
2019/7/5,17.98,17.98,17.51,17.76,17.79,-0.1686,2629849,46724443.95,0.5118
2019/7/8,17.9,17.94,17.05,17.26,17.76,-2.8153,2448363,42596266.38,0.4765
2019/7/9,17.35,17.77,17.1,17.47,17.26,1.2167,3185661,55661673.9,0.62
2019/7/10,17.58,18.08,17.15,17.34,17.47,-0.7441,2847300,49787934.04,0.5542
2019/7/11,17.8,17.8,17.19,17.26,17.34,-0.4614,2571524,44842937.64,0.5005
2019/7/12,17.27,17.65,17.14,17.32,17.26,0.3476,2023063,35121908.82,0.3937
2019/7/15,17.16,17.45,16.75,17.31,17.32,-0.0577,2290404,39399434.71,0.4458
2019/7/16,17.51,17.51,17.05,17.2,17.31,-0.6355,1605402,27570443.4,0.3125
2019/7/17,17.09,17.27,16.79,16.99,17.2,-1.2209,1579850,26847693.06,0.3075
2019/7/18,16.82,16.91,16.2,16.35,16.99,-3.7669,2524698,41566831.78,0.4914
2019/7/19,16.55,16.82,16.21,16.59,16.35,1.4679,1835502,30389317.18,0.3572
2019/7/22,16.6,16.82,15.9,16.56,16.59,-0.1808,1950290,32146264.24,0.3796
2019/7/23,16.42,17.28,16.3,16.91,16.56,2.1135,2046675,34072478.52,0.3983
2019/7/24,16.91,17.01,16.62,16.99,16.91,0.4731,3078800,51842593.2,0.5992
2019/7/25,17.8,18.6,17.5,18.4,16.99,8.299,8054408,144924300.6,1.5676
2019/7/26,18.17,19.58,18.17,19.53,18.4,6.1413,7234319,137963207.4,1.408
2019/7/29,19.54,20.48,19.2,19.88,19.53,1.7921,6288278,124735958.7,1.2239
2019/7/30,19.93,20.15,19.62,19.99,19.88,0.5533,3443511,68582695.29,0.6702
2019/7/31,19.92,20.45,19.66,20.04,19.99,0.2501,4066065,81129007.72,0.7914
2019/8/1,19.96,20.25,19.66,20.07,20.04,0.1497,2980846,59558440.48,0.5802
2019/8/2,19.31,20.7,19.31,20.35,20.07,1.3951,4145306,83257252.93,0.8068
2019/8/5,20.49,20.49,19.21,19.37,20.35,-4.8157,4838600,95433340.5,0.9417
2019/8/6,19.06,19.75,18.85,19.48,19.37,0.5679,3989892,77327898.6,0.7765
2019/8/7,19.47,20.35,19.13,19.7,19.48,1.1294,4903050,97694698.5,0.9543
2019/8/8,19.8,20.38,19.66,19.8,19.7,0.5076,3732345,74641721.5,0.7264
2019/8/9,19.81,20.16,19.32,19.95,19.8,0.7576,4829400,95556981.45,0.9399
2019/8/12,19.89,19.99,19.02,19.85,19.95,-0.5013,4281072,83579212.84,0.8332
2019/8/13,19.73,20.05,19.46,19.86,19.85,0.0504,2705330,53429043.24,0.5265
2019/8/14,19.86,21.76,19.6,21.67,19.86,9.1138,6611878,136427389.8,1.2869
2019/8/15,21.04,21.3,20.33,21.3,21.67,-1.7074,5268875,109869871.3,1.0255
2019/8/16,21.15,21.6,20.81,20.9,21.3,-1.8779,3313959,70156044.34,0.645
2019/8/19,20.92,21.3,20.37,20.96,20.9,0.2871,4717931,97735452.14,0.9182
2019/8/20,20.9,21.25,20.59,21.25,20.96,1.3836,3698854,77402365.68,0.7199
2019/8/21,21.25,21.31,20.59,20.86,21.25,-1.8353,3499494,72846978.52,0.6811
2019/8/22,20.28,20.28,19.37,19.4,20.46,-5.1808,5130688,101174335.5,0.9986
2019/8/23,19.5,19.77,18.85,18.98,19.4,-2.1649,5809734,111685013,1.1307
2019/8/26,18.7,18.98,18.42,18.49,18.98,-2.5817,3750371,69803276.51,0.7299
2019/8/27,18.89,19.16,18.59,18.79,18.49,1.6225,3770000,70960711.15,0.7337
2019/8/28,18.9,19.22,18.28,19.2,18.79,2.182,4908900,92059984.19,0.9554
2019/8/29,19.18,19.55,19.01,19.08,19.2,-0.625,3498803,67309666.4,0.681
2019/8/30,19.07,19.7,18.85,19.24,19.08,0.8386,3847043,74297393.35,0.7487
2019/9/2,19.26,19.79,19.26,19.64,19.24,2.079,4712572,92304860.68,0.9172
2019/9/3,19.65,19.86,18.95,19.16,19.64,-2.444,4205000,80935583.62,0.8184
2019/9/4,19.19,19.32,18.78,19.15,19.16,-0.0522,3163146,60239239.55,0.6156
2019/9/5,19.25,19.65,19.15,19.52,19.15,1.9321,3710188,72256090.04,0.7221
2019/9/6,19.68,19.69,19.1,19.22,19.52,-1.5369,2426665,46668134.05,0.4723
2019/9/9,19.3,19.35,19.04,19.14,19.22,-0.4162,3861163,73872283.28,0.7515
2019/9/10,19.18,19.21,18.72,19.01,19.14,-0.6792,3388441,64165677.77,0.6595
2019/9/11,19.06,19.19,18.7,18.74,19.01,-1.4203,2380671,45025819.9,0.4633
2019/9/12,18.8,19.7,18.63,19.62,18.74,4.6958,5343033,102903627.6,1.0399
2019/9/16,19.62,19.62,19.16,19.33,19.62,-1.4781,3055626,58966460.69,0.5947
2019/9/17,19.34,19.34,18.9,19.22,19.33,-0.5691,2275749,43462563.64,0.4429
2019/9/18,19.11,20.36,19.03,20.21,19.22,5.1509,6536314,130214488.7,1.2721
2019/9/19,20.21,20.37,19.73,20.02,20.21,-0.9401,5243907,104968332.6,1.0206
2019/9/20,19.9,21.21,19.9,21,20.02,4.8951,6688395,138559525.2,1.3017
2019/9/23,21,21.47,20.55,21.35,21,1.6667,5252590,110613668.6,1.0223
2019/9/24,21.3,22.35,21.15,22.05,21.35,3.2787,5307003,116067543.4,1.0329
2019/9/25,21.98,22.44,21.58,21.6,22.05,-2.0408,4468168,97746986.39,0.8696
2019/9/26,21.62,22.18,21,21.21,21.6,-1.8056,4180733,89921302.93,0.8137
2019/9/27,21.3,21.98,21.09,21.51,21.21,1.4144,2897426,62577343.77,0.5639
2019/9/30,21.54,22.09,21.31,21.36,21.51,-0.6974,2710527,58635866.06,0.5275
2019/10/8,21.36,21.8,20.76,21.06,21.36,-1.4045,2957643,62881724.94,0.5756
2019/10/9,21.34,21.98,20.92,21.58,21.06,2.4691,3406224,73316488.63,0.6629
2019/10/10,21.4,21.57,21.05,21.24,21.58,-1.5755,3088416,65462277.87,0.6011
2019/10/11,21.38,22.7,21.24,21.65,21.24,1.9303,4867826,107119783.3,0.9474
2019/10/14,21.83,22.2,21.2,21.75,21.65,0.4619,4017846,86798898.07,0.782
2019/10/15,21.65,21.87,21.12,21.8,21.75,0.2299,2824146,60708923.91,0.5497
2019/10/16,21.81,22.99,21.48,22.82,21.8,4.6789,5765226,129247901.3,1.1221
2019/10/17,22.8,23.68,22.51,23.56,22.82,3.2428,5516385,127768009.4,1.0736
2019/10/18,23.5,23.88,23.31,23.43,23.56,-0.5518,4757953,112125226.7,0.926
2019/10/21,23.37,24.5,23.12,24.5,23.43,4.5668,4654396,111811236.8,0.9059
2019/10/22,24.35,24.8,23.61,24.06,24.5,-1.7959,4932373,118659361.6,0.96
2019/10/23,23.82,23.9,23.19,23.25,24.06,-3.3666,3954454,92644590.48,0.7696
2019/10/24,23.22,23.51,23,23.24,23.25,-0.043,2443425,56809659.94,0.4756
2019/10/25,23.13,23.79,23.13,23.6,23.24,1.5491,2116646,49978326.15,0.412
2019/10/28,24.81,25.35,23.09,24.71,23.6,4.7034,8040108,196206016.5,1.5648
2019/10/29,24.71,25.75,24.51,25.58,24.71,3.5208,4999668,125913087.6,0.9731
2019/10/30,25,25.47,24.64,25.3,25.58,-1.0946,3028881,75948891.4,0.5895
2019/10/31,25.2,27.2,25,26.66,25.3,5.3755,6101013,160820147.9,1.1874
2019/11/1,26.82,28.77,26.25,27.72,26.66,3.976,9496862,263384740.4,1.8483
2019/11/4,27.67,29.25,27.4,28.8,27.72,3.8961,7836612,224164803.8,1.5252
2019/11/5,28.81,29.06,28,28.74,28.8,-0.2083,4943699,141157803.9,0.9622
2019/11/6,28.6,28.91,28.22,28.78,28.74,0.1392,3161752,90324616.3,0.6154
2019/11/7,28.78,29.16,27.59,28.11,28.78,-2.328,4568942,128205540,0.8892
2019/11/8,28.27,28.41,27.61,27.87,28.11,-0.8538,3873622,108749107.4,0.7539
2019/11/11,27.61,28.16,26.85,27.12,27.87,-2.6911,5971207,163647549,1.1622
2019/11/12,27.14,27.5,26.1,26.77,27.12,-1.2906,5441426,144952942.2,1.059
2019/11/13,26.9,27.06,26.39,26.79,26.77,0.0747,3775884,100901467.2,0.7349
2019/11/14,26.81,27.27,26.37,26.88,26.79,0.3359,5469739,146412300.1,1.0646
2019/11/15,27.02,27.02,26.17,26.17,26.88,-2.6414,3783365,100652614.3,0.7363
2019/11/18,26.17,26.47,25.51,26.18,26.17,0.0382,4547295,118873066.1,0.885
2019/11/19,26.22,26.56,26.05,26.39,26.18,0.8021,4473285,117730804,0.8706
2019/11/20,26.49,26.69,25.68,26.05,26.39,-1.2884,3789845,98779443.85,0.7376
2019/11/21,26.09,26.09,25.44,25.67,26.05,-1.4587,3566848,91807378.41,0.6942
2019/11/22,25.91,26.4,24.06,24.86,25.67,-3.1554,5335544,135299820.6,1.0384
2019/11/25,24.84,25.44,24.3,24.65,24.86,-0.8447,3744568,92868680.28,0.7288
2019/11/26,24.95,25.58,24.35,24.45,24.65,-0.8114,5176825,128715641.7,1.0076
2019/11/27,24.66,25.59,24.51,25.11,24.45,2.6994,4944465,124121694.9,0.9623
2019/11/28,25.11,27.27,25.11,27.05,25.11,7.726,8071397,214759761.1,1.5709
2019/11/29,27.05,27.36,25.87,26.51,27.05,-1.9963,6823059,181135781.7,1.328
2019/12/2,26.77,26.77,25.7,25.75,26.51,-2.8668,4345881,112947938.6,0.8458
2019/12/3,25.5,26.07,25.01,25.38,25.75,-1.4369,4753355,120898612.7,0.9251
2019/12/4,25.29,25.65,25.02,25.3,25.38,-0.3152,2556405,64642861.39,0.4975
2019/12/5,25.3,25.58,25.11,25.29,25.3,-0.0395,2816765,71323827.02,0.5482
2019/12/6,25.34,25.84,25.1,25.52,25.29,0.9095,3496826,89292866.43,0.6806
2019/12/9,25.65,27.18,24.84,25.04,25.52,-1.8809,5887723,152201290.9,1.1459
2019/12/10,25,25.03,24.2,24.38,25.04,-2.6358,4883054,119595048.5,0.9504
2019/12/11,24.54,24.63,24.14,24.29,24.38,-0.3692,2594475,63245265.75,0.505
2019/12/12,24.38,24.52,24.1,24.3,24.29,0.0412,2015590,48992456.67,0.3923
2019/12/13,24.5,24.99,24.43,24.82,24.3,2.1399,2838152,70118294.07,0.5524
2019/12/16,24.98,25.3,24.45,24.67,24.82,-0.6044,2793932,69001303.66,0.5375
2019/12/17,24.73,24.84,24.24,24.58,24.67,-0.3648,3086216,75564796.39,0.5937
2019/12/18,24.67,26.18,24.63,26.04,24.58,5.9398,7362431,188454743.2,1.4164
2019/12/19,25.77,25.95,25.25,25.48,26.04,-2.1505,4390076,111835119.2,0.8446
2019/12/20,25.45,25.8,25.1,25.64,25.48,0.6279,2941407,74814406.89,0.5659
2019/12/23,25.32,26.89,25.32,26.3,25.64,2.5741,6797222,178795886.9,1.3077
2019/12/24,26.43,27.22,26.25,26.98,26.3,2.5856,5225231,140165153.1,1.0052
2019/12/25,27.31,27.31,25.83,26,26.98,-3.6323,4440939,117288618.3,0.8544
2019/12/26,26,26.12,25.4,25.55,26,-1.7308,3379492,86549168.1,0.6501
2019/12/27,25.28,26.13,25.23,25.52,25.55,-0.1174,3297934,84825458.06,0.6345
2019/12/30,25.35,25.96,25.15,25.92,25.52,1.5674,2329707,59903743.71,0.4482
2019/12/31,25.93,26.58,25.93,26.27,25.92,1.3503,2610408,68518300.38,0.5022
2020/1/2,26.6,26.6,25.75,25.92,26.27,-1.3323,4032724,104855158.8,0.7758
2020/1/3,25.91,25.92,25.45,25.7,25.92,-0.8488,3399028,87196846.02,0.6539
2020/1/6,25.51,25.66,25.28,25.49,25.7,-0.8171,2469695,62914305.22,0.4751
2020/1/7,25.58,26.57,25.46,26.39,25.49,3.5308,3613863,94779562.82,0.6952
2020/1/8,26.28,26.29,24.86,24.99,26.39,-5.305,6064072,154166271.1,1.1666
2020/1/9,25.11,25.48,24.99,25.23,24.99,0.9604,3895540,98299591.53,0.7494
2020/1/10,25.29,26.5,25.29,26.27,25.23,4.1221,5595794,145661912.6,1.0765
2020/1/13,26.4,27.17,26.31,26.95,26.27,2.5885,4607221,123315590.6,0.8863
2020/1/14,26.98,27.08,26.08,26.15,26.95,-2.9685,3415546,90198107.63,0.6571
2020/1/15,26.26,28.18,26.26,27.84,26.15,6.4627,7494583,206195058.4,1.4418
2020/1/16,27.85,28.86,27.84,28.55,27.84,2.5503,5825641,165795084.1,1.1207
2020/1/17,28.21,28.88,28,28.47,28.55,-0.2802,3304511,93855479.45,0.6357
2020/1/20,28.27,29.05,28.01,28.87,28.47,1.405,3862692,110894242.3,0.7431
2020/1/21,28.86,29.4,27.54,28.38,28.87,-1.6973,4157372,118075217.7,0.7998
2020/1/22,28.5,29,27.77,28.68,28.38,1.0571,3747865,106737675.9,0.721
2020/1/23,28.34,28.88,26,27.16,28.68,-5.2999,4230694,116981251.5,0.8139
2020/2/3,24.44,24.44,24.44,24.44,27.16,-10.0147,891900,21798036,0.1716
2020/2/4,22.7,24.31,22.7,24.05,24.44,-1.5957,8359179,196165377.6,1.6081
2020/2/5,24.07,24.65,23.59,24.01,24.05,-0.1663,4218184,101628858.2,0.8115
2020/2/6,24.2,24.28,23.25,24.02,24.01,0.0416,4143625,98441132.48,0.7972
2020/2/7,23.85,23.85,23.13,23.4,24.02,-2.5812,3773551,88401520.53,0.726
2020/2/10,23.39,25.49,23,25,23.4,6.8376,6126088,150834292.9,1.1785
2020/2/11,25.01,25.9,24.66,25.68,25,2.72,3437994,87178071.6,0.6614
2020/2/12,25.62,26.68,25.52,26.67,25.68,3.8551,3781773,98740294.03,0.7275
2020/2/13,26.78,27.45,26.28,26.79,26.67,0.4499,2951636,79045213.53,0.5678
2020/2/14,26.65,27,26,26.59,26.79,-0.7465,2924585,77330758.93,0.5626
2020/2/17,26.5,27.3,26.33,26.76,26.59,0.6393,3384050,90960044.52,0.651
2020/2/18,27,28.48,26.81,28.36,26.76,5.9791,3733142,104066820.4,0.7182
2020/2/19,28.3,29.35,28.08,29.06,28.36,2.4683,4223615,121902882.9,0.8125
2020/2/20,28.95,29.98,28.85,29.43,29.06,1.2732,3594100,105544928.6,0.6914
2020/2/21,29.08,29.65,28.6,29.13,29.43,-1.0194,3186007,92801269.44,0.6129
2020/2/24,29.42,31.99,29.02,31.82,29.13,9.2345,6185478,191461059.6,1.19
2020/2/25,31.22,32.78,30.6,32.51,31.82,2.1684,5563594,177870239,1.0703
2020/2/26,31.86,32.68,30.81,30.89,32.51,-4.9831,4728298,149683716.7,0.9096
2020/2/27,30.81,32.3,30.5,31.39,30.89,1.6186,4065038,127666736.2,0.782
2020/2/28,30.3,31.98,30.11,30.39,31.39,-3.1857,3880915,120075765.8,0.7466
2020/3/2,30.75,31.99,30.75,31.62,30.39,4.0474,3033271,95389505.43,0.5835
2020/3/3,31.73,34.49,31.73,33.54,31.62,6.0721,4549679,152030780.6,0.8753
2020/3/4,33.83,33.86,32.69,33.54,33.54,0,2827627,94273002.89,0.544
2020/3/5,33.54,35.98,33.47,35.07,33.54,4.5617,4481831,157175800.1,0.8622
2020/3/6,35,35.79,34.2,34.62,35.07,-1.2831,2478594,86464557.86,0.4768
2020/3/9,34.3,34.94,33.46,33.76,34.62,-2.4841,3455860,117713866.8,0.6648
2020/3/10,33.42,35.09,32.13,33.58,33.76,-0.5332,5459007,181196941.9,1.0502
2020/3/11,33.47,34.2,32.8,32.81,33.58,-2.293,3482887,116222835.2,0.67
2020/3/12,32.37,32.53,31.42,31.9,32.81,-2.7735,3783796,120815581.9,0.7279
2020/3/13,30.35,31.55,30.1,31.03,31.9,-2.7273,3790969,117200395,0.7293
2020/3/16,31.47,32.18,28.7,29,31.03,-6.5421,4734985,143284855.1,0.9109
2020/3/17,29.36,29.9,27.91,28.92,29,-0.2759,4051903,117026165.6,0.7795
2020/3/18,29.25,29.79,28.24,28.25,28.92,-2.3167,3942923,115177182.8,0.7585
2020/3/19,28.36,28.93,26.52,27.78,28.25,-1.6637,5966751,164584142.6,1.1479
2020/3/20,28.22,28.8,27.33,28.27,27.78,1.7639,3714088,104447419.4,0.7145
2020/3/23,27.96,28.86,27.01,28.3,28.27,0.1061,4373270,122528151.7,0.8413
2020/3/24,28.67,30.2,28.1,30,28.3,6.0071,5415523,158633536.7,1.0418
2020/3/25,30.6,31.52,30,31.09,30,3.6333,4143610,128135777.1,0.7972
2020/3/26,31.3,32.5,30.61,31.84,31.09,2.4124,4369495,139136361.4,0.8406
2020/3/27,32,34.18,31.6,33.83,31.84,6.25,4721985,156567443.1,0.9084
2020/3/30,33.7,34.38,32.31,32.89,33.83,-2.7786,3659886,120548902.7,0.7041
2020/3/31,32.95,34.26,32,33.97,32.89,3.2837,5226734,174672338.3,1.0055
2020/4/1,33.73,35,33.3,34.15,33.97,0.5299,5629449,192130010.9,1.083
2020/4/2,33.73,34.48,32.62,34.48,34.15,0.9663,4086959,137776903.9,0.7863
2020/4/3,34.19,34.84,32.72,33.11,34.48,-3.9733,4512556,151674099.2,0.8681
2020/4/7,33.46,35.33,33.46,34.64,33.11,4.621,4862976,168567191.8,0.9355
2020/4/8,34.56,34.71,33.58,33.69,34.64,-2.7425,5158707,174980102.3,0.9924
2020/4/9,33.88,35.48,33.37,35.18,33.69,4.4227,3971359,137742738.9,0.764
2020/4/10,35.18,35.46,34.28,34.46,35.18,-2.0466,2670078,92797063.54,0.5137
2020/4/13,34.45,35.29,33.9,34.73,34.46,0.7835,2171039,75422017.02,0.4177
2020/4/14,34.9,36.46,34.2,36.31,34.73,4.5494,4673367,166312468.6,0.8991
2020/4/15,36.05,36.8,32.8,33.05,36.31,-8.9782,9471956,325114502.1,1.8222
2020/4/16,32.63,33.69,31.6,32.24,33.05,-2.4508,6790474,220581573.3,1.3064
2020/4/17,32.6,32.9,31.88,31.97,32.24,-0.8375,3650208,118069611,0.7022
2020/4/20,31.85,32.33,31.61,31.99,31.97,0.0626,2489438,79448080.24,0.4789
2020/4/21,31.99,32.3,31.6,31.79,31.99,-0.6252,2062800,65715945.89,0.3968
2020/4/22,31.91,32.92,31.25,32.87,31.79,3.3973,3716483,120534463.7,0.715
2020/4/23,32.87,33.18,32.31,32.48,32.87,-1.1865,3105238,101405324.7,0.5974
2020/4/24,35,35.73,35,35.73,32.48,10.0062,8471602,301859876.9,1.6298
2020/4/27,35.03,36.48,35.03,36.14,35.73,1.1475,9124855,327511358,1.7554
2020/4/28,36.16,38.6,35.83,38.6,36.14,6.8069,8556297,321525121.8,1.6461
2020/4/29,38.73,41.69,38.21,40.55,38.6,5.0518,10620235,428634120.2,2.0431
2020/4/30,39,41.2,38.49,39.15,40.55,-3.4525,7487801,295795027.2,1.4405
2020/5/6,38.76,41.25,38.65,41,39.15,4.7254,6077361,243480370.1,1.1692
2020/5/7,40.73,41.93,40,40.59,41,-1,4612327,187581010.4,0.8873
2020/5/8,40.21,40.93,39.5,40.39,40.59,-0.4927,6560623,264744529.9,1.2621
2020/5/11,40.87,41.78,40.05,40.43,40.39,0.099,4679782,190738898.8,0.9003
2020/5/12,41.01,41.89,40,41.47,40.43,2.5723,5358077,220718318.9,1.0308
2020/5/13,40.98,43.23,40.98,42.6,41.47,2.7249,6246127,264844058.6,1.2016
2020/5/14,42.16,44.88,42,44.8,42.6,5.1643,6368461,279012546,1.2252
2020/5/15,44.45,45.92,43.5,45.22,44.8,0.9375,4999938,222797469.4,0.9619
2020/5/18,45.15,46.68,44.68,45.04,45.22,-0.3981,4070052,185219041.9,0.783
2020/5/19,45.04,47.29,44.3,47.04,45.04,4.4405,3707001,171612482.5,0.7132
2020/5/20,47.1,48.3,45.3,45.75,47.04,-2.7423,3568403,165106861.2,0.6865
2020/5/21,45.75,46.7,44.75,45.49,45.75,-0.5683,3456437,157274593.9,0.665
2020/5/22,45.9,46.2,43.8,44.39,45.49,-2.4181,4385317,195773512.2,0.8437
2020/5/25,45.18,45.85,43.5,45.01,44.39,1.3967,3621362,161735582.1,0.6967
2020/5/26,45.59,46,44.69,45,45.01,-0.0222,3383059,152781214.7,0.6508
2020/5/27,45.39,46.68,44.71,45.02,45,0.0444,3994214,181988510.3,0.7684
2020/5/28,44.55,45.88,44.06,45.85,45.02,1.8436,2826001,127636162,0.5437
2020/5/29,45.65,47.63,45.41,47.38,45.85,3.337,3846745,179835838.9,0.74
2020/6/1,47.57,48.29,45.9,45.97,47.38,-2.9759,5154269,239498432.9,0.9916
2020/6/2,46.06,46.06,41.37,41.37,45.97,-10.0065,9775643,419597315.7,1.8806
2020/6/3,41.08,42.2,40.63,41.82,41.37,1.0877,7350895,305668207,1.4142
2020/6/4,41.52,42.48,40.8,41.74,41.82,-0.1913,5843379,243038223.3,1.1242
2020/6/5,41.95,42.31,40.63,41.11,41.74,-1.5093,4229472,174417249.2,0.8137
2020/6/8,41.4,41.89,40.1,40.74,41.11,-0.9,5200291,212171874.8,1.0004
2020/6/9,40.82,42.77,40.5,42.36,40.74,3.9764,5106763,213461159.7,0.9824
2020/6/10,42.68,43.8,42.21,43.25,42.36,2.101,4570314,197331942.5,0.8792
2020/6/11,43.48,43.79,41.81,42.28,43.25,-2.2428,3712154,158332149.1,0.7141
2020/6/12,41.78,43.59,41.12,43.2,42.28,2.176,2682450,114634008.8,0.5161
2020/6/15,43.48,44.2,42.66,43.3,43.2,0.2315,3258745,141255738.1,0.6269
2020/6/16,43.3,44.8,43.08,44.63,43.3,3.0716,3920714,172981831.1,0.7543
2020/6/17,44.63,44.63,41.45,42.4,44.63,-4.9966,8784332,371874356.9,1.6899
2020/6/18,42,42.33,41.35,42.17,42.4,-0.5425,3371400,141292890.3,0.6486
2020/6/19,42,43.82,41.98,43.77,42.17,3.7942,4234686,182515156.8,0.8147
2020/6/22,43.4,43.94,40.9,42,43.77,-4.0439,6034197,253532062.1,1.1609
2020/6/23,41.9,44.5,41.76,43.41,42,3.3571,6526117,283280818,1.2555
2020/6/24,43.6,43.79,41.78,42.75,43.41,-1.5204,5420214,230979585.6,1.0427
2020/6/29,42.21,43.7,42.02,42.8,42.75,0.117,3613005,154686165.2,0.6951
2020/6/30,42.82,45.57,42.82,45.32,42.8,5.8879,5758861,256797868,1.1079
2020/7/1,45.3,46.3,44.2,45.16,45.32,-0.353,4788629,216504549.1,0.9212
2020/7/2,45.1,45.89,44.23,44.79,45.16,-0.8193,5834300,262553855.4,1.1224
2020/7/3,44.85,45.2,42.8,44.66,44.79,-0.2902,6189553,274087971.5,1.1908
2020/7/6,48,49.13,46.01,49.13,44.66,10.009,5361213,257023652.5,1.0314
2020/7/7,49.98,50.58,46.9,50.05,49.13,1.8726,10192096,497669730.1,1.9608
2020/7/8,50.05,52.91,49.24,52.32,50.05,4.5355,5606642,290158411.1,1.0786
2020/7/9,51.3,52.6,50.33,52.15,52.32,-0.3249,4804686,248373970.2,0.9243
2020/7/10,51.65,54.92,51.65,53.91,52.15,3.3749,4061402,218167645.1,0.7813
2020/7/13,53.8,55.19,53.01,55,53.91,2.0219,4495239,244513054.3,0.8648
2020/7/14,54.47,54.57,52.28,54.2,55,-1.4545,4766291,254540430.9,0.9169
2020/7/15,54.21,55.8,52.89,53.93,54.2,-0.4982,4501834,245710468.8,0.8661
2020/7/16,54.3,55.7,49.85,50.43,53.93,-6.4899,5985159,317687811.5,1.1514
2020/7/17,50.53,53.4,49.71,52.01,50.43,3.1331,4977145,257168047.9,0.9575
2020/7/20,53,53.38,49.6,50.6,52.01,-2.711,5881989,296537414.8,1.1316
2020/7/21,50.87,52,49.84,51.49,50.6,1.7589,5125699,261060206.7,0.9861
2020/7/22,51.1,53.11,50.66,52.61,51.49,2.1752,3371229,176661906.8,0.6486
2020/7/23,52.58,54.75,52,54.47,52.61,3.5354,4700417,252977719.1,0.9043
2020/7/24,54.5,54.52,49.6,49.8,54.47,-8.5735,7932509,407223408.2,1.5261
2020/7/27,50.15,51.8,48.06,48.7,49.8,-2.2088,7217793,355656472.9,1.3886
2020/7/28,49.9,51.38,48.79,51,48.7,4.7228,4853438,243369808,0.9337
2020/7/29,50.5,51.81,50.01,51.77,51,1.5098,6244478,318861022.5,1.2013
2020/7/30,52.71,54.5,49.8,51.46,51.77,-0.5988,10852597,563524655.2,2.0878
2020/7/31,52.2,54.8,52.12,54.4,51.46,5.7132,8606747,462046942.1,1.6558
2020/8/3,54.83,59.84,54.3,59.84,54.4,10,8867965,503758565.1,1.706
2020/8/4,59.4,61.34,58.91,60,59.84,0.2674,5538546,331677209.9,1.0655
2020/8/5,59.82,61.19,59.26,60.3,60,0.5,5218533,313794151.1,1.0039
2020/8/6,60.8,61.34,59.66,60.25,60.3,-0.0829,3404552,205875021.1,0.655
2020/8/7,60.5,61.07,58.78,60.11,60.25,-0.2324,4811739,288598471.9,0.9257
2020/8/10,59.88,61.62,59.41,60.19,60.11,0.1331,5402415,326872326.5,1.0393
2020/8/11,60.6,61.9,58,58.5,60.19,-2.8078,5802533,348300939.6,1.1163
2020/8/12,58.5,59.45,55.11,55.72,58.5,-4.7521,6789676,383125115.8,1.3062
2020/8/13,56.6,57.27,55.11,55.4,55.72,-0.5743,4872899,271691425.6,0.9375
2020/8/14,55.29,57.48,55.15,57.34,55.4,3.5018,4115742,232948316.2,0.7918
2020/8/17,57.35,57.99,55.9,57.1,57.34,-0.4186,3756741,213448185.1,0.7227
2020/8/18,56.76,61.28,56.6,60.65,57.1,6.2172,6571174,390395175.5,1.2642
2020/8/19,60.2,61.99,59.2,59.29,60.65,-2.2424,3984268,239852087.9,0.7665
2020/8/20,59.29,60.39,58.6,59.85,59.29,0.9445,3949691,235786209,0.7598
2020/8/21,60,60.84,59.5,60.35,59.85,0.8354,3945718,238027277.6,0.7591
2020/8/24,61.4,61.4,59,60.65,60.35,0.4971,3058182,184944949.4,0.5883
2020/8/25,61.1,63.49,60.68,61.65,60.65,1.6488,4165883,258828267.8,0.8014
2020/8/26,61.92,61.92,59.77,60.36,61.65,-2.0925,3611195,218211288.3,0.6947
2020/8/27,60.14,61.1,59,60.84,59.76,1.8072,2939772,176603750.7,0.5656
2020/8/28,60.69,62.08,59.6,62.03,60.84,1.956,3696184,227028528.8,0.7111
2020/8/31,62,62.59,61.2,61.2,62.03,-1.3381,3512421,216991373.9,0.6757
2020/9/1,61.35,62.25,59.5,60.81,61.2,-0.6373,3878578,234348877.4,0.7462
2020/9/2,60.9,62.2,57.38,59.29,60.81,-2.4996,7286403,428250873.6,1.4018
2020/9/3,59.29,60.6,57.2,57.97,59.29,-2.2263,4237361,250130658.9,0.8152
2020/9/4,56.67,57.18,54.5,56.93,57.97,-1.794,5701646,318249278,1.0969
2020/9/7,58,58.47,54.4,54.71,56.93,-3.8995,4087016,230636735.8,0.7863
2020/9/8,55.03,56.7,53.51,54.16,54.71,-1.0053,4312939,234932070.2,0.8297
2020/9/9,53.02,53.45,50.58,50.78,54.16,-6.2408,4469216,230790025.1,0.8598
2020/9/10,50.81,52,50.35,50.76,50.78,-0.0394,3155721,161432222.9,0.6071
2020/9/11,50.06,52.4,49.98,51.4,50.76,1.2608,3362075,172437614.4,0.6468
2020/9/14,52.1,54.2,51.31,53.53,51.4,4.144,5000128,265780017.8,0.9619
2020/9/15,54,56.27,53.62,56.06,53.53,4.7263,5319015,294769620.4,1.0233
2020/9/16,55.5,56.89,53.62,54.31,56.06,-3.1217,3853092,210711830.9,0.7413
2020/9/17,53.7,54.31,51.51,52.6,54.31,-3.1486,4982317,261419455.8,0.9585
2020/9/18,52.66,54.95,52.26,54.6,52.6,3.8023,4130466,222236856.4,0.7946
2020/9/21,54.89,55.3,54,54.39,54.6,-0.3846,2046310,111415536.3,0.3937
2020/9/22,53.8,55.5,53.51,54.99,54.39,1.1031,2824724,154163887.5,0.5434
2020/9/23,54.43,56.69,54.05,55.79,54.99,1.4548,2636772,146725099,0.5073
2020/9/24,55.9,56.36,53.82,53.96,55.79,-3.2802,3133272,171932807,0.6028
2020/9/25,59.33,59.36,57,59.36,53.96,10.0074,6245774,368009740.1,1.2016
2020/9/28,59.46,64.33,59.03,63.95,59.36,7.7325,10925238,673259022,2.1018
2020/9/29,63.95,64.84,62.37,62.92,63.95,-1.6106,6388364,404683480.3,1.229
2020/9/30,63.02,64.2,63,63.87,62.92,1.5099,3786371,241348734,0.7284
2020/10/9,65,65.5,63.4,64.46,63.87,0.9238,4043187,259766575.7,0.7778
2020/10/12,64.45,64.6,63.02,63.67,64.46,-1.2256,5852581,373840753.1,1.1259
2020/10/13,63.5,64.3,63.09,64,63.67,0.5183,2773396,176497895.2,0.5335
2020/10/14,64.44,66.88,63.81,66.34,64,3.6563,5733217,376840720,1.103
2020/10/15,66.1,66.9,65.21,66.7,66.34,0.5427,2959378,196374357.5,0.5693
2020/10/16,67,68.26,66.02,66.62,66.7,-0.1199,3438817,230037854.7,0.6616
2020/10/19,66.62,67.01,64.3,64.74,66.62,-2.822,3477248,227275334.6,0.669
2020/10/20,65.4,66.8,64.59,66.5,64.74,2.7186,3216454,212841666.8,0.6188
2020/10/21,66.96,67,62.88,64.3,66.5,-3.3083,3707519,238390857,0.7133
2020/10/22,63.63,63.63,60.85,62.08,64.3,-3.4526,4347123,268564917.7,0.8363
2020/10/23,63,65.91,62.05,63.38,62.08,2.0941,5951174,381892143.2,1.1449
2020/10/26,63.38,65.44,62.01,65.06,63.38,2.6507,3727288,238211451.7,0.7171
2020/10/27,65.2,67.66,64.51,67.12,65.06,3.1663,4415276,294370115.2,0.8494
2020/10/28,67,69.6,66.52,68.93,67.12,2.6967,5341836,366304839.1,1.0277
2020/10/29,67.9,69.78,67.5,68.1,68.93,-1.2041,4146924,283788052.5,0.7978
2020/10/30,68.94,68.94,65.81,66.69,68.1,-2.0705,3957663,265553450.4,0.7614
2020/11/2,67.38,68.86,66.53,67.59,66.69,1.3495,2648640,179156167.8,0.5095
2020/11/3,67.99,68.37,66.06,68.17,67.59,0.8581,2004131,135288948.2,0.3856
2020/11/4,67,69.9,67,69.03,68.17,1.2616,2765129,189988216.4,0.532
2020/11/5,70,70.39,68.34,68.91,69.03,-0.1738,2029894,140652505.8,0.3905
2020/11/6,68.92,69.25,66.8,68.9,68.91,-0.0145,3252674,220724024,0.6258
2020/11/9,69.48,69.74,67.62,68.82,68.9,-0.1161,3268697,223812077.5,0.6288
2020/11/10,68.6,75.63,67.55,73.67,68.82,7.0474,5911238,428183639.9,1.1372
2020/11/11,73.69,75.56,72.86,73.5,73.67,-0.2308,4215506,312191168,0.811
2020/11/12,73.01,76.36,72.51,75.64,73.5,2.9116,4035218,302616295.4,0.7763
2020/11/13,74.36,75.5,72.07,74.65,75.64,-1.3088,3689916,272451519.8,0.7099
2020/11/16,74.57,77.3,74.03,75.44,74.65,1.0583,4653459,352955690.4,0.8952
2020/11/17,76.7,76.8,74.9,75.89,75.44,0.5965,2897102,219525292.2,0.5573
2020/11/18,75.85,77.8,74.6,76.08,75.89,0.2504,4710188,358458248.8,0.9061
2020/11/19,76.07,83.55,75.18,81.63,76.08,7.295,6218205,500672757.7,1.1963
2020/11/20,81.31,85.3,80.16,84.56,81.63,3.5894,5216512,428603648.5,1.0036
2020/11/23,84.5,85.51,82.33,82.47,84.56,-2.4716,4571250,382827793.5,0.8794
2020/11/24,82,84.5,80.52,84.3,82.47,2.219,3092458,256429346.8,0.5949
2020/11/25,83.7,83.97,75.87,76.39,84.3,-9.3832,6678901,516757276.3,1.2849
2020/11/26,74.04,77.66,69.46,75.32,76.39,-1.4007,8512979,628211132.5,1.6377
2020/11/27,75.03,77,72.51,76.7,75.32,1.8322,3633099,274315691.5,0.6989
2020/11/30,76.67,76.69,72.6,76.55,76.7,-0.1956,7463756,556872362.4,1.4359
2020/12/1,75.99,75.99,73.51,74.54,76.55,-2.6257,3978552,296598067.9,0.7654
2020/12/2,74.48,74.48,71.33,71.96,74.54,-3.4612,5591419,404260894.3,1.0757
2020/12/3,72.68,75.9,71.28,75.38,71.96,4.7526,4372734,325124582.4,0.8412
2020/12/4,75.33,79.5,74,78.86,75.38,4.6166,3559786,273740532,0.6848
2020/12/7,78.53,80,78,79.99,78.86,1.4329,2868784,227391987.8,0.5519
2020/12/8,79.78,81.49,78.52,79.9,79.99,-0.1125,2260199,179947309.4,0.4348
2020/12/9,79.1,87.89,78.98,87.89,79.9,10,6817489,576414732.3,1.3116
2020/12/10,88,92.88,86.52,90.6,87.89,3.0834,6595100,592203160.7,1.2688
2020/12/11,90.15,93.4,89.13,90.27,90.6,-0.3642,6029098,551097363.9,1.1599
2020/12/14,90.33,94.1,90,92.19,90.27,2.127,4638678,429064752.1,0.8924
2020/12/15,91.52,96.55,91.52,95.49,92.19,3.5796,5613138,530846115.7,1.0799
2020/12/16,95.1,98.46,94.55,96.32,95.49,0.8692,4235562,409130248.3,0.8148
2020/12/17,95.9,98.88,95.33,96.44,96.32,0.1246,4009386,390196104,0.7713
2020/12/18,95.92,98.49,95.4,97.4,96.44,0.9954,3276641,318659607.3,0.6304
2020/12/21,97.41,99.79,96.8,99.17,97.4,1.8172,3549261,350568423.1,0.6828
2020/12/22,98.81,99.98,95.73,99.18,99.17,0.0101,3253500,318706800.8,0.6259
2020/12/23,97.81,99.8,94.5,96.49,99.18,-2.7122,4100441,398479365.4,0.7888
2020/12/24,96.49,98.3,93.66,95.83,96.49,-0.684,3132530,300628128.2,0.6026
2020/12/25,95.07,96.8,91.33,96.01,95.83,0.1878,3335373,315847991.3,0.6417
2020/12/28,98.45,100.1,97.55,99.34,96.01,3.4684,3077133,304600284.7,0.592
2020/12/29,98.41,102.68,97.61,100.7,99.34,1.369,3164321,315285300,0.6088
2020/12/30,100.56,103.45,99.33,101.68,100.7,0.9732,2773027,282438001,0.5335
2020/12/31,102.02,107.5,101.71,104.29,101.68,2.5669,2674948,281391079.1,0.5146
2021/1/4,104.99,114.5,104.5,113.61,104.29,8.9366,4120146,458109776,0.7926
2021/1/5,113.5,114.36,107.65,111.19,113.61,-2.1301,5769506,646092876.7,1.1099
2021/1/6,112.13,113.8,108.26,110.46,111.19,-0.6565,3347384,370355837.8,0.644
2021/1/7,110.39,112.28,107.88,111.8,110.46,1.2131,3241042,357173634.3,0.6235
2021/1/8,111.68,115.85,108.5,110.5,111.8,-1.1628,2892773,321378649.5,0.5565
2021/1/11,109.21,112.77,103.87,110.78,110.5,0.2534,3567369,387239517.1,0.6863
2021/1/12,108.77,114.55,108,110.52,110.78,-0.2347,3728881,415041188.8,0.7174
2021/1/13,110.45,110.52,105.81,108.29,110.52,-2.0177,3460755,374602346.3,0.6658
2021/1/14,107.39,108.56,104.35,104.8,108.29,-3.2228,2575147,272854660.8,0.4954
2021/1/15,103.99,104.21,99.1,102.58,104.8,-2.1183,4661315,472815327.6,0.8967
2021/1/18,107.1,112.84,106.78,112.84,102.58,10.0019,5326340,596506115.7,1.0247
2021/1/19,113.97,118.11,112.1,118.11,112.84,4.6703,7813992,912830817.9,1.5033
2021/1/20,116.5,117,112.36,114.59,118.11,-2.9803,5038419,578287521.4,0.9693
2021/1/21,116,119.99,114.45,116.25,114.59,1.4486,4993495,582749982.2,0.9607
2021/1/22,118.12,118.69,114.25,114.8,116.25,-1.2473,3403544,395268796.6,0.6548
2021/1/25,114.81,120.6,114.81,119.39,114.8,3.9983,6467380,764951544,1.2442
2021/1/26,118.6,120.22,116.1,118.45,119.39,-0.7873,2826742,335152066.2,0.5438
2021/1/27,118.5,119.84,114,118.8,118.45,0.2955,3141233,367581249,0.6043
2021/1/28,118.05,120.41,116.25,116.46,118.8,-1.9697,3260883,385772446.6,0.6273
2021/1/29,115.8,119.78,115.5,119.3,116.46,2.4386,6441499,760650042.4,1.2392
2021/2/1,119.32,120.32,116.16,118.05,119.3,-1.0478,4026688,475283142.1,0.7747
2021/2/2,118.47,126.58,116.3,124.26,118.05,5.2605,5331626,649492905.2,1.0257
2021/2/3,125.01,134.99,123.3,133,124.26,7.0336,5098684,660989732.1,0.9809
2021/2/4,132.61,138.77,131.01,133.5,133,0.3759,4457899,599137004.2,0.8576
2021/2/5,134.38,135.38,128.98,132.73,133.5,-0.5768,3364466,444900539.6,0.6473
2021/2/8,131.41,134.45,129.9,133.22,132.73,0.3692,2769955,366002344.5,0.5329
2021/2/9,132.3,135.86,131.11,134.64,133.22,1.0659,2823880,377941008.3,0.5433
2021/2/10,134.42,139.99,134.42,139.13,134.64,3.3348,2684499,369411990.6,0.5164
2021/2/18,140,141.94,130.1,133.5,139.13,-4.0466,4661971,627906025.7,0.8969
2021/2/19,133.5,136.9,124.48,130.52,133.5,-2.2322,5388897,696749361.9,1.0367
2021/2/22,128.11,129.2,117.47,117.47,130.52,-9.9985,7550870,904490019.3,1.4526
2021/2/23,114,116.2,109.58,110.93,117.47,-5.5674,9707933,1094600374,1.8676
2021/2/24,111.03,112.24,104.82,105.97,110.93,-4.4713,5909262,637061155.1,1.1368
2021/2/25,106.64,107.5,99.3,100.35,105.97,-5.3034,8592993,876721832.1,1.6531
2021/2/26,98.9,98.9,94,97.37,100.35,-2.9696,6365891,613363668.5,1.2247
2021/3/1,99.1,99.35,91.9,94.51,97.37,-2.9372,7321257,688142169.5,1.4085
2021/3/2,97,98.6,93.19,95,94.51,0.5185,8222324,787050356.8,1.5818
2021/3/3,95.02,97.49,92.63,96.7,95,1.7895,4870743,467400328.9,0.937
2021/3/4,96.25,96.55,91.1,94.8,96.7,-1.9648,4874189,458351247.2,0.9377
2021/3/5,91.72,95.57,91,94.7,94.8,-0.1055,4049728,379386338.5,0.7791
2021/3/8,94.71,96.33,87.5,87.6,94.7,-7.4974,5400605,490386852.3,1.039
2021/3/9,87,88.5,84,84.36,87.6,-3.6986,6492647,557668003.2,1.2491
2021/3/10,86.5,91.96,85.61,90.49,84.36,7.2665,6932642,619550464.5,1.3337
2021/3/11,89.58,93.72,88.21,92.7,90.49,2.4423,4767887,438218405.5,0.9172
2021/3/12,93.64,94.99,89.7,92.12,92.7,-0.6257,3439308,316564408.1,0.6617
2021/3/15,90.43,90.8,87.66,89.79,92.12,-2.5293,4665223,414731411,0.8975
2021/3/16,90.89,95.28,89.97,93.15,89.79,3.7421,5298519,493325529.3,1.0193
2021/3/17,92.84,95.77,88.97,94.3,93.15,1.2346,4591428,429410371.7,0.8833
2021/3/18,95.16,103.73,94.19,103.73,94.3,10,6204392,625383941.8,1.1936
2021/3/19,100.14,103.55,98,98.3,103.73,-5.2347,5314660,533390017.3,1.0224
2021/3/22,98.32,100.3,94.49,96.62,98.3,-1.7091,3077357,298652367.4,0.592
2021/3/23,95.6,100,95,99.41,96.62,2.8876,3656074,359014510.2,0.7034
2021/3/24,98.13,103.68,97.6,99.1,99.41,-0.3118,4776152,482947838.2,0.9188
2021/3/25,96.85,99.7,95.6,99.12,99.1,0.0202,3586162,349820150.5,0.6899
2021/3/26,100.99,102.23,97.58,100.83,99.12,1.7252,3770095,377906091.9,0.7253
2021/3/29,101.4,106.68,99.28,105.99,100.83,5.1175,4519919,471874477.1,0.8695
2021/3/30,105.12,107.54,104.23,106.22,105.99,0.217,2596163,274863150.4,0.4995
2021/3/31,112.99,115.5,107.17,109,106.22,2.6172,6136393,679003316.8,1.1805
2021/4/1,109,115.89,108,115.05,109,5.5505,4202468,478320835.3,0.8085
2021/4/2,114.8,116.87,112.5,115,115.05,-0.0435,3841640,439622270.3,0.7391
2021/4/6,113.67,116.07,108.33,112.42,115,-2.2435,3922718,437529956.2,0.7547
2021/4/7,111.11,114.5,108.88,113.58,112.42,1.0318,3357069,374999869.9,0.6458
2021/4/8,111.85,116.46,110.07,116.36,113.58,2.4476,2900200,330526399.2,0.5579
2021/4/9,114.75,116,109.2,111.1,116.36,-4.5205,2529412,281385855.8,0.4866
2021/4/12,110,112,101.11,103.14,111.1,-7.1647,5311971,558916834.8,1.0219
2021/4/13,104.7,108.99,103.85,107.53,103.14,4.2564,3194024,342662176.2,0.6145
2021/4/14,108.85,110.38,107.26,109.58,107.53,1.9064,2553179,279376335.6,0.4912
2021/4/15,109.5,111.6,107.29,111.19,109.58,1.4692,2492623,273241971.2,0.4795
2021/4/16,110.52,113.5,110.51,113,111.19,1.6278,2030480,228143609.7,0.3906
2021/4/19,113,113.87,110.18,113.55,113,0.4867,2930477,330066047.4,0.5638
2021/4/20,112.83,120.2,111.8,115.46,113.55,1.6821,3975312,464706602.9,0.7648
2021/4/21,114.05,120.95,113.8,118.1,115.46,2.2865,3110629,367280416.8,0.5984
2021/4/22,121.01,122,114.22,116.5,118.1,-1.3548,4404190,514161782.8,0.8473
2021/4/23,116.24,121.2,115.74,118.7,116.5,1.8884,4108431,487037620.3,0.7904
2021/4/26,117.39,124.68,117.39,121.47,118.7,2.3336,3801751,463227229.6,0.7314
2021/4/27,122.5,124.3,119.95,124.12,121.47,2.1816,2496227,305233436.5,0.4802
2021/4/28,121.9,125.98,121.64,125.26,124.12,0.9185,2387639,296884610.3,0.4593
2021/4/29,125.27,129.12,122.5,125.48,125.26,0.1756,3131701,393096815.9,0.6025
2021/4/30,124.2,126.31,121.9,124.52,125.48,-0.7651,2612687,323756069.3,0.5026
2021/5/6,120.5,125.14,116.5,116.5,124.52,-6.4407,4785859,573989936.6,0.9207
2021/5/7,121.91,121.91,116.9,118.01,116.5,1.2961,3590718,428969609,0.6908
2021/5/10,117.75,122.68,116.79,118.5,118.01,0.4152,2599155,310574128.7,0.5
2021/5/11,117,119.6,115.8,118.4,118.5,-0.0844,2366796,278833858.6,0.4553
2021/5/12,118.64,123.7,117.19,123.14,118.4,4.0034,2850301,343660700.7,0.5483
2021/5/13,120.97,123.5,117.97,123.24,123.14,0.0812,3002460,364899423.3,0.5776
2021/5/14,122.38,127,121.25,125.63,123.24,1.9393,3355332,418706353.1,0.6455
2021/5/17,125.66,136.8,125.65,135,125.63,7.4584,4473119,592637064.6,0.8605
2021/5/18,133.5,135.82,133.2,135.3,135,0.2222,1566376,210456369.8,0.3013
2021/5/19,134.85,135.15,132.03,133.95,135.3,-0.9978,1536968,205146413.8,0.2957
2021/5/20,132.63,135.94,132.01,134.5,133.95,0.4106,2280422,306657172.6,0.4387
2021/5/21,135,136,130.49,132.8,134.5,-1.2639,1762498,233880091.8,0.3391
2021/5/24,132.8,136.9,132.76,134.39,132.8,1.1973,3048374,410544457.3,0.5689
2021/5/25,133.33,134.9,130.01,133.74,134.39,-0.4837,3431344,454544239,0.6404
2021/5/26,133.76,134.11,123.7,125.75,133.74,-5.9743,6306582,799911348.4,1.1769
2021/5/27,126.96,128,120.3,128,125.75,1.7893,4255550,532182213,0.7942
2021/5/28,128.15,129.4,125,127.82,128,-0.1406,3062482,389682419.5,0.5715
2021/5/31,126.97,128.5,122.1,123.4,127.82,-3.458,7638380,946267881.4,1.4255
2021/6/1,123.4,123.58,116.6,120,123.4,-2.7553,6913879,822673637.6,1.2903
2021/6/2,120.4,120.91,115.05,116.08,120,-3.2667,5775611,675577977.3,1.0778
2021/6/3,117,121.67,115.28,117.21,116.08,0.9735,5549869,656964845.6,1.0357
2021/6/4,117,122.35,116.84,119.98,117.21,2.3633,5197635,623272541.9,0.97
2021/6/7,121.88,127.38,120.02,124.39,119.98,3.6756,5698920,707156351.6,1.0635
2021/6/8,89.5,89.7,81.8,82.49,88.54,-6.8331,9914375,838071502.4,1.3223
2021/6/9,82.11,82.25,78.37,81.06,82.49,-1.7335,8643309,695922718.5,1.1528
2021/6/10,82,82,79.28,80.03,81.06,-1.2707,6807473,546664864.1,0.9079
2021/6/11,79.79,80.65,77.33,80.65,80.03,0.7747,8603724,681125042.4,1.1475
2021/6/15,80.25,84.81,79.78,83.71,80.65,3.7942,8662386,716815638.9,1.1553
2021/6/16,84.99,85,78.85,82.27,83.71,-1.7202,7613121,619678872.2,1.0154
2021/6/17,81.81,88.48,81.81,86.75,82.27,5.4455,7232529,620347339.6,0.9646
2021/6/18,86.73,92.54,86.54,89.82,86.75,3.5389,7890792,707937656.4,1.0524
2021/6/21,89.61,91.8,87.8,89.07,89.82,-0.835,4933029,443442785.1,0.6579
2021/6/22,89.08,92.84,88.6,92.32,89.07,3.6488,5485529,499918428.9,0.7316
2021/6/23,92,92.05,87.35,88,92.32,-4.6794,6634829,593472763.5,0.8849
2021/6/24,87.13,88.72,85.28,87.21,88,-0.8977,5614542,488949496.1,0.7488
2021/6/25,87.21,89.06,83.5,88.43,87.21,1.3989,6055234,525864442.5,0.8076
2021/6/28,89.37,89.38,87,88.82,88.43,0.441,2793942,246552086,0.3726
2021/6/29,88.76,88.77,85.03,86.68,88.82,-2.4094,3835750,332618056.1,0.5116
2021/6/30,88.1,95.35,88.1,94.79,86.68,9.3563,8956483,846658188.9,1.1945
2021/7/1,91.01,93.3,88.5,88.5,94.79,-6.6357,6866235,622904142.1,0.9158
2021/7/2,88,88.01,81.8,83.77,88.5,-5.3446,5963756,503297992.1,0.7954
2021/7/5,84.4,86.9,82.41,83.56,83.77,-0.2507,6494413,548143497.9,0.8662
2021/7/6,84.21,84.38,78.08,80.9,83.56,-3.1833,8210302,660270023.9,1.095
2021/7/7,81.25,83.9,80.51,83.53,80.9,3.2509,5438574,446957099.4,0.7254
2021/7/8,83.04,83.79,79.6,80.68,83.53,-3.4119,4547475,370093501.6,0.6065
2021/7/9,80.12,80.12,75.06,77.61,80.68,-3.8052,6168621,475280433.8,0.8227
2021/7/12,77,79.9,72.23,78.73,77.61,1.4431,6776095,518992124.2,0.9037
2021/7/13,79.68,83.66,79.22,82.4,78.73,4.6615,5873228,482685852.9,0.7833
2021/7/14,81.67,84,79.98,83.03,82.4,0.7646,5154349,424926930.2,0.6874
2021/7/15,82.5,88.2,82.5,87.97,83.03,5.9497,6339289,549207233,0.8455
2021/7/16,88.15,88.5,84.17,84.46,87.97,-3.99,4730554,404075726.1,0.6309
2021/7/19,83.5,86.84,82.64,85.33,84.46,1.0301,3466678,296503915.6,0.4624
2021/7/20,84.83,86.18,83.43,85.42,85.33,0.1055,3010948,255574702.4,0.4016
2021/7/21,85.41,86.42,84.49,85.18,85.42,-0.281,4380800,374028744.7,0.5843
2021/7/22,85.2,85.85,80.29,82.88,85.18,-2.7002,6057277,497355848.1,0.8079
2021/7/23,82.81,82.81,76.88,79.49,82.88,-4.0903,6506851,512773876.6,0.8678
2021/7/26,78.98,79.06,73.68,74.86,79.49,-5.8246,5722642,433681021.9,0.7632
2021/7/27,75.99,77,68.89,68.98,74.86,-7.8547,6940869,502626441.7,0.9257
2021/7/28,68.98,73.29,68.55,72.51,68.98,5.1174,6498901,461379484.4,0.8668
2021/7/29,74,75.59,71.24,74.8,72.51,3.1582,6198666,455940750.3,0.8267
2021/7/30,73.15,73.47,67.66,69.53,74.8,-7.0455,7810115,543483432.3,1.0416
2021/8/2,70,76,68,74.49,69.53,7.1336,7939146,577342984.9,1.0589
2021/8/3,73.67,78.19,72.5,76.99,74.49,3.3562,6056629,464316216.2,0.8078
2021/8/4,76.37,77.99,73.98,76.02,76.99,-1.2599,6118563,463049044.6,0.816
2021/8/5,74.49,78.56,73.3,77.35,76.02,1.7495,4238290,326665951.1,0.5653
2021/8/6,77.18,77.75,75,76.35,77.35,-1.2928,3013897,230306246.1,0.402
2021/8/9,76.99,83.99,76.36,83.99,76.35,10.0065,6733379,550019372.8,0.898
2021/8/10,83.33,90.5,81.3,87.68,83.99,4.3934,9063879,774794943.8,1.2089
2021/8/11,87.5,89.6,84.68,85.72,87.68,-2.2354,5263531,456119208.7,0.702
2021/8/12,85.6,86.46,82,82.78,85.72,-3.4298,3977057,332939702.5,0.5304
2021/8/13,83.23,83.95,81.4,82.54,82.78,-0.2899,2415182,199449879.8,0.3221
2021/8/16,82,83.38,80.79,81.85,82.54,-0.836,2371197,194057442.1,0.3163
2021/8/17,81.94,82.44,76.6,78.12,81.85,-4.5571,3410555,269791757.3,0.4549
2021/8/18,77.78,79.6,76.4,78.36,78.12,0.3072,3709255,289636952.8,0.4947
2021/8/19,77.92,79.98,76.9,78.85,78.36,0.6253,2557505,201329150.3,0.3411
2021/8/20,79.03,79.03,73,74.69,78.85,-5.2758,5740060,430615216.1,0.7656
2021/8/23,75,77.26,74.2,75.16,74.69,0.6293,3479489,263228078.9,0.4641
2021/8/24,76.03,79.88,75,78.1,75.16,3.9117,4122108,320485404.6,0.5498
2021/8/25,78.97,80.88,77.01,77.59,78.1,-0.653,3400182,266547530.3,0.4535
2021/8/26,77.15,77.25,74.05,74.87,77.59,-3.5056,3331449,250274523.1,0.4443
2021/8/27,74.4,76.21,73.8,74.08,74.87,-1.0552,2600868,194154012.9,0.3469
2021/8/30,75,75,71.58,73.28,74.08,-1.0799,3813500,278526395,0.5086
2021/8/31,72.64,73.93,71.55,71.67,73.28,-2.1971,3053909,221111838,0.4073
2021/9/1,72.39,76.54,69.9,75.18,71.67,4.8974,4712857,347593367.4,0.6286
2021/9/2,75,75.1,70.51,70.81,75.18,-5.8127,5363376,387065111.1,0.7153
2021/9/3,71.22,72.11,68.2,71.24,70.81,0.6073,5462508,384032229.8,0.7285
2021/9/6,70.18,71.56,68.5,69.98,71.24,-1.7687,7542452,525133681.6,1.0059
2021/9/7,69.57,72.72,69.5,71,69.98,1.4576,4612969,328595139.2,0.6152
2021/9/8,70.95,71.1,66.1,66.86,71,-5.831,8955458,607490318.4,1.1944
2021/9/9,67.28,68.44,66.03,67.05,66.86,0.2842,5750925,387717673.8,0.767
2021/9/10,67.46,67.7,63.88,64.54,67.05,-3.7435,12008740,779321048.8,1.6016
2021/9/13,64.39,65.93,62.04,63.55,64.54,-1.5339,10726002,682152992.5,1.4305
2021/9/14,65.17,65.2,62.75,62.94,63.55,-0.9599,5342668,340316984.2,0.7126
2021/9/15,62.26,63.63,61.05,61.69,62.94,-1.986,6321566,390712773.8,0.8431
2021/9/16,61.45,62.89,60.55,61.75,61.69,0.0973,6016097,372382634.1,0.8024
2021/9/17,61.35,64.55,60.64,63.47,61.75,2.7854,6597487,411471126.8,0.8799
2021/9/22,62.8,63.2,60.8,61.88,63.47,-2.5051,4020240,248428279.2,0.5362
2021/9/23,61.8,66.33,61.19,64.17,61.88,3.7007,7181953,462329294.4,0.9579
2021/9/24,63.99,65.9,63.16,65.37,64.17,1.87,7344606,477422795.2,0.9796
2021/9/27,66.3,70.96,66.2,70.09,65.37,7.2204,11492491,798142006.7,1.5328
2021/9/28,68.9,71.21,66.1,70.7,70.09,0.8703,10203693,701111096.3,1.3609
2021/9/29,68.5,72.2,67.88,69,70.7,-2.4045,7186993,500322984.6,0.9585
2021/9/30,68.84,74.72,68.7,74.49,69,7.9565,8477574,620665553,1.1307
2021/10/8,74.43,75,71.22,71.48,74.49,-4.0408,6589349,478238088.4,0.8788
2021/10/11,71.88,71.89,65.1,65.82,71.48,-7.9183,12066695,816513830,1.6094
2021/10/12,64.99,67,64.28,65.3,65.82,-0.79,6579059,431535914.5,0.8775
2021/10/13,65.27,67.95,63.77,67.56,65.3,3.4609,6519492,430835371.5,0.8695
2021/10/14,67.67,67.8,64.72,65.11,67.56,-3.6264,5016786,329476031.4,0.6691
2021/10/15,63.98,66.98,63.98,65.83,65.11,1.1058,6472851,426233866.7,0.8633
2021/10/18,65.17,65.19,62.61,63.91,65.83,-2.9166,4661424,297060454.5,0.6217
2021/10/19,63.9,65.3,63.03,64.9,63.91,1.5491,4096726,264118964.4,0.5464
2021/10/20,64.9,66.5,62.18,63.37,64.9,-2.3575,5656645,358111506.7,0.7544
2021/10/21,63,65.5,62.93,65.18,63.37,2.8562,4682023,302593456.3,0.6244
2021/10/22,64.68,65.36,63.3,64.86,65.18,-0.4909,3796895,244538468.9,0.5064
2021/10/25,64.73,65.49,63.2,64.64,64.86,-0.3392,3566659,229192100.2,0.4757
2021/10/26,65.13,65.2,62.7,63.3,64.64,-2.073,4799897,305781362.7,0.6402
2021/10/27,63.3,63.31,58,60,63.3,-5.2133,13566324,812799937.9,1.8094
2021/10/28,60.5,63.61,59.56,62.13,60,3.55,7644865,473377741.3,1.0196
2021/10/29,62.16,64.27,60.68,63.6,62.13,2.366,6440051,406915361.3,0.8589
2021/11/1,62.65,65.6,62.25,64.97,63.6,2.1541,5770819,371180524.5,0.7697
2021/11/2,64.96,70.36,64.1,67.73,64.97,4.2481,9759430,666508238.1,1.3016
2021/11/3,67.94,68.33,66.1,67.01,67.73,-1.063,4661177,312372987.6,0.6217
2021/11/4,67.78,68.91,66,68.37,67.01,2.0295,4671987,316368166.6,0.6231
2021/11/5,68.6,70.2,67.6,68.45,68.37,0.117,3687299,253784616.8,0.4918
2021/11/8,67.8,68.3,66.1,67.07,68.45,-2.0161,3051320,204644220.1,0.407
2021/11/9,66.46,67.29,63.58,64.46,67.07,-3.8915,5421554,351279846.8,0.7231
2021/11/10,64.5,64.6,60.68,60.95,64.46,-5.4452,5707316,352520342.8,0.7612
2021/11/11,61.4,62.6,60.85,61.81,60.95,1.411,4840336,299163234,0.6456
2021/11/12,61.99,63.68,61.6,63,61.81,1.9253,4022727,253045316.2,0.5365
2021/11/15,63.04,63.49,61.78,62.06,63,-1.4921,3918962,244116736.1,0.5227
2021/11/16,62.36,63.98,61.66,63.94,62.06,3.0293,4832344,304956341.2,0.6445
2021/11/17,63.9,63.91,61.55,62,63.94,-3.0341,6283968,390282687.9,0.8381
2021/11/18,61.99,62.38,61.18,61.5,62,-0.8065,3097846,190583905.7,0.4132
2021/11/19,61.51,62.05,60.33,60.72,61.5,-1.2683,4118507,250612346.4,0.5493
2021/11/22,60.57,60.9,59.51,60.11,60.72,-1.0046,6051660,362630209.6,0.8071
2021/11/23,60.1,61.3,58.89,60.93,60.11,1.3642,6165947,370201881,0.8224
2021/11/24,60.88,62.23,60.01,61.26,60.93,0.5416,5704534,348681581.7,0.7608
2021/11/25,61.27,62.2,60.68,60.76,61.26,-0.8162,3777928,231900277,0.5039
2021/11/26,61,61.16,59.39,59.9,60.76,-1.4154,3357555,201435954.4,0.4478
2021/11/29,59.08,60.01,58.51,59.8,59.9,-0.1669,5007227,297683645.8,0.6678
2021/11/30,59.94,60.4,58.18,58.32,59.8,-2.4749,4682370,276577740.9,0.6245
2021/12/1,58.77,59.18,56.21,57.1,58.32,-2.0919,8159150,467780859.5,1.0882
2021/12/2,57.11,57.58,56.4,56.63,57.1,-0.8231,5094249,290427014,0.6794
2021/12/3,56.68,57.66,56.25,57.29,56.63,1.1655,7167834,407887315.2,0.956
2021/12/6,61,62.8,57.65,61.2,57.29,6.8249,15865340,958755280.3,2.116
2021/12/7,60.62,61.71,59.58,61.1,61.2,-0.1634,8366132,508987062.5,1.1158
2021/12/8,60.59,62.68,60.11,62.02,61.1,1.5057,9632376,593072298.9,1.2847
2021/12/9,64.66,68.22,64.15,68.22,62.02,9.9968,13917306,941525051.3,1.8562
2021/12/10,68,70.86,66.38,68.56,68.22,0.4984,20127820,1383189988,2.6845
2021/12/13,70.34,70.5,66.91,67.57,68.56,-1.444,10844521,739475404.9,1.4464
2021/12/14,67,68.27,66.01,66.45,67.57,-1.6575,6874457,459994699.4,0.9169
2021/12/15,66.19,66.21,64.31,64.5,66.45,-2.9345,7040146,458302552.7,0.939
2021/12/16,64.33,64.99,62.88,63.41,64.5,-1.6899,5880827,374071106,0.7843
2021/12/17,63.69,63.8,62,62,63.41,-2.2236,5326835,332721517.6,0.7104
2021/12/20,61.66,62.79,60.8,61.12,62,-1.4194,4970912,306873368.6,0.663
2021/12/21,61.3,62.52,60.66,62.1,61.12,1.6034,4942804,306823336.1,0.6592
2021/12/22,62.27,62.79,61.31,61.72,62.1,-0.6119,3675022,227600313.6,0.4901
2021/12/23,62.1,64.39,61.33,64.15,61.72,3.9371,6189236,388335606.1,0.8255
2021/12/24,64.15,65.15,62.8,63.72,64.15,-0.6703,6246227,400502793.2,0.8331
2021/12/27,64,65.34,63.08,65.28,63.72,2.4482,3812609,245473621.7,0.5085
2021/12/28,65.3,65.52,63.31,64.8,65.28,-0.7353,4408694,284559971.8,0.588
2021/12/29,64.56,64.71,61.18,61.77,64.8,-4.6759,5441615,339765891.9,0.7258
2021/12/30,61.7,62.44,60.1,62.07,61.77,0.4857,4054814,248896301,0.5408
2021/12/31,62,62.07,59.68,59.83,62.07,-3.6088,6328237,381663078.9,0.844
2022/1/4,59.51,59.81,58.36,59.59,59.83,-0.4011,5198426,307697731.7,0.6933
2022/1/5,59.61,60.48,58.65,58.8,59.59,-1.3257,4320769,256735049.6,0.5763
2022/1/6,58.32,59.29,56.88,57.76,58.8,-1.7687,4692129,271369050.8,0.6258
2022/1/7,57.75,57.75,54.91,55.47,57.76,-3.9647,7198206,403598832.3,0.96
2022/1/10,54.93,55.47,52.36,53.66,55.47,-3.263,10008105,535132144.6,1.3348
2022/1/11,53.68,53.7,50.86,51.26,53.66,-4.4726,12176132,630062850.6,1.6239
2022/1/12,51.48,53.3,50.9,51.7,51.26,0.8584,9708495,503285828.1,1.2948
2022/1/13,51.75,51.79,49.38,49.51,51.7,-4.236,8722221,437467768.1,1.1633
2022/1/14,49.1,49.84,48.14,48.36,49.51,-2.3228,7586147,369839496,1.0118
2022/1/17,48.2,48.88,47.15,48.51,48.36,0.3102,7326202,352185894.2,0.9771
2022/1/18,48.51,49.59,47.56,48.09,48.51,-0.8658,10014652,484324341.5,1.3357
2022/1/19,47.8,47.82,46.57,47.28,48.09,-1.6843,7127648,336058761.5,0.9506
2022/1/20,46.76,47.29,45.58,47,47.28,-0.5922,10612153,491643733.5,1.4154
2022/1/21,46.72,50.84,46.2,48.99,47,4.234,18969910,924923303.6,2.53
2022/1/24,49.32,49.63,47.3,47.46,48.99,-3.1231,9129540,438947974.5,1.2176
2022/1/25,47.28,47.58,45.38,45.44,47.46,-4.2562,7626966,352834476.3,1.0186
2022/1/26,45.69,46.9,45.05,45.79,45.44,0.7702,5610733,257130320.8,0.7493
2022/1/27,45.66,46.4,44.1,44.22,45.79,-3.4287,7445923,332673336.6,0.9944
2022/1/28,44.48,44.88,43.16,43.4,44.22,-1.8544,5712280,250723208.7,0.7629
2022/2/7,43.95,44.88,42.85,43.65,43.4,0.576,5761924,251719961.3,0.7695
2022/2/8,43.65,44.08,42.15,43.66,43.65,0.0229,5983473,258495055.8,0.7991
2022/2/9,43.81,45.32,43.77,44.96,43.66,2.9776,7923579,353330559.4,1.0582
2022/2/10,44.84,45.3,44.25,45.19,44.96,0.5116,4507831,201882563.4,0.602
2022/2/11,45.05,45.3,43.28,43.7,45.19,-3.2972,7579827,335416789,1.0123
2022/2/14,43.43,44.1,43.01,43.25,43.7,-1.0297,4641313,201816804,0.6199
2022/2/15,43.42,45.95,43,45.71,43.25,5.6879,7610496,341643764.6,1.0164
2022/2/16,45.69,47.94,45.3,46.88,45.71,2.5596,8790446,412277025.2,1.174
2022/2/17,46.5,47.15,45.51,46.25,46.88,-1.3439,4851000,223748474.6,0.6479
2022/2/18,45.85,46.18,45.23,45.72,46.25,-1.1459,3126421,142571303.6,0.4175
2022/2/21,45.5,47.05,45.28,46.06,45.72,0.7437,4357077,201502940.8,0.5819
2022/2/22,45.98,45.98,44.46,44.9,46.06,-2.5185,4443912,199384051.9,0.5935
2022/2/23,44.91,46.44,44.77,46.33,44.9,3.1849,3915638,179760589.5,0.5229
2022/2/24,46.13,46.13,43.39,43.91,46.33,-5.2234,6538148,290258290.3,0.8732
2022/2/25,43.99,45.93,43.99,45.84,43.91,4.3954,5864844,265645199.7,0.7833
2022/2/28,45.38,45.48,44.23,45.12,45.84,-1.5707,5157302,231329613.4,0.6888
2022/3/1,45.03,47.66,45.03,45.8,45.12,1.5071,6815262,315631561.8,0.9102
2022/3/2,45.5,45.56,44.26,44.55,45.8,-2.7293,4961999,221153326.4,0.6627
2022/3/3,45.14,45.3,43.05,43.36,44.55,-2.6712,4704794,205192144.3,0.6283
2022/3/4,42.68,42.88,40.7,41.15,43.36,-5.0969,13677982,566890730.3,1.8267
2022/3/7,40.8,40.8,38.7,39.1,41.15,-4.9818,12099369,474302670.6,1.6159
2022/3/8,39.6,39.87,37.31,37.85,39.1,-3.1969,14554999,555108507.9,1.9439
2022/3/9,37.79,38.26,35.7,37.36,37.85,-1.2946,8969300,333011873.7,1.1979
2022/3/10,38.14,38.62,37.75,38.2,37.36,2.2484,5840488,223116141.6,0.78
2022/3/11,37.5,38.94,37.23,38.8,38.2,1.5707,5268161,200684638.5,0.7036
2022/3/14,38.32,38.74,37.13,37.3,38.8,-3.866,4658736,174974358.4,0.6222
2022/3/15,36.43,37,34.85,34.94,37.3,-6.3271,5920611,212836306.3,0.7907
2022/3/16,35.45,35.84,33.35,35.54,34.94,1.7172,8753451,304548749.9,1.1691
2022/3/17,35.96,38.5,35.8,37.41,35.54,5.2617,10802993,403560400.4,1.4428
2022/3/18,37.05,37.64,36.51,36.9,37.41,-1.3633,4522563,167028365,0.604
2022/3/21,37.22,37.5,36.18,36.95,36.9,0.1355,5490563,202137358.6,0.7333
2022/3/22,36.9,37,36.07,36.44,36.95,-1.3802,3614526,131693608.4,0.4827
2022/3/23,38,39.19,37.23,38.55,36.44,5.7903,12401379,478109784.4,1.6562
2022/3/24,37.66,37.9,35.87,35.98,38.55,-6.6667,10564050,384136762.6,1.4109
2022/3/25,36.26,37.23,35.35,35.51,35.98,-1.3063,8271228,298650372.7,1.1047
