"","date","close_prev"
"1",2011-03-25,26
"2",2011-03-28,33.61
"3",2011-03-29,30.4
"4",2011-03-30,29.04
"5",2011-03-31,28.95
"6",2011-04-01,28.54
"7",2011-04-06,28.24
"8",2011-04-07,28.35
"9",2011-04-08,29
"10",2011-04-11,28.88
"11",2011-04-12,28.02
"12",2011-04-13,27.35
"13",2011-04-14,27.59
"14",2011-04-15,27.18
"15",2011-04-18,26.68
"16",2011-04-19,26.82
"17",2011-04-20,27.01
"18",2011-04-21,27
"19",2011-04-22,27.07
"20",2011-04-25,27.04
"21",2011-04-26,26.3
"22",2011-04-27,25.92
"23",2011-04-28,25.68
"24",2011-04-29,24.99
"25",2011-05-03,24.6
"26",2011-05-04,24.65
"27",2011-05-06,24.21
"28",2011-05-09,23.7
"29",2011-05-10,23.89
"30",2011-05-11,23.99
"31",2011-05-12,24.29
"32",2011-05-13,24.41
"33",2011-05-16,24.81
"34",2011-05-17,24.57
"35",2011-05-18,24.35
"36",2011-05-19,24.3
"37",2011-05-20,24.13
"38",2011-05-23,23.8
"39",2011-05-24,22.7
"40",2011-05-25,22.58
"41",2011-05-26,22.6
"42",2011-05-27,22.33
"43",2011-05-30,21.53
"44",2011-05-31,21.48
"45",2011-06-01,21.82
"46",2011-06-02,22.2
"47",2011-06-03,21.69
"48",2011-06-07,21.96
"49",2011-06-09,21.88
"50",2011-06-10,21.05
"51",2011-06-13,20.56
"52",2011-06-14,20.09
"53",2011-06-15,20.43
"54",2011-06-16,20.15
"55",2011-06-17,19.77
"56",2011-06-20,20.43
"57",2011-06-21,20.03
"58",2011-06-22,20.4
"59",2011-06-23,20.39
"60",2011-06-24,21.81
"61",2011-06-27,21.95
"62",2011-06-28,21.8
"63",2011-06-29,21.8
"64",2011-06-30,21.3
"65",2011-07-01,21.47
"66",2011-07-04,21.8
"67",2011-07-05,22.23
"68",2011-07-06,22.35
"69",2011-07-07,22.87
"70",2011-07-08,23.15
"71",2011-07-11,24.19
"72",2011-07-12,24.25
"73",2011-07-13,24.05
"74",2011-07-14,24.8
"75",2011-07-15,25.1
"76",2011-07-18,24.96
"77",2011-07-19,24.3
"78",2011-07-20,23.79
"79",2011-07-21,24.32
"80",2011-07-22,23.93
"81",2011-07-25,23.82
"82",2011-07-26,22.52
"83",2011-07-27,22.97
"84",2011-07-28,23.38
"85",2011-07-29,23.38
"86",2011-08-01,23.68
"87",2011-08-02,24.25
"88",2011-08-03,24.14
"89",2011-08-04,24.35
"90",2011-08-05,23.9
"91",2011-08-08,23.2
"92",2011-08-09,21.55
"93",2011-08-10,21.79
"94",2011-08-11,21.9
"95",2011-08-12,22.18
"96",2011-08-16,22.51
"97",2011-08-17,24.76
"98",2011-08-18,24.92
"99",2011-08-19,23.6
"100",2011-08-22,24.38
"101",2011-08-23,25.03
"102",2011-08-24,25.11
"103",2011-08-25,24.76
"104",2011-08-26,24.8
"105",2011-08-29,25.6
"106",2011-08-30,26.49
"107",2011-08-31,25.94
"108",2011-09-01,24.7
"109",2011-09-02,24.75
"110",2011-09-05,24.27
"111",2011-09-06,23.3
"112",2011-09-07,23.46
"113",2011-09-08,24.34
"114",2011-09-09,24.27
"115",2011-09-13,23.95
"116",2011-09-14,24.1
"117",2011-09-15,25.01
"118",2011-09-16,24.88
"119",2011-09-19,24.79
"120",2011-09-20,24.15
"121",2011-09-21,24.7
"122",2011-09-22,25.7
"123",2011-09-23,25.11
"124",2011-09-26,26.03
"125",2011-09-27,26.55
"126",2011-09-28,25.95
"127",2011-09-29,26.47
"128",2011-09-30,24.19
"129",2011-10-10,24.1
"130",2011-10-11,24.4
"131",2011-10-12,25.19
"132",2011-10-13,26.38
"133",2011-10-14,26.58
"134",2011-10-17,26.31
"135",2011-10-18,28.12
"136",2011-10-19,26.8
"137",2011-10-20,26.38
"138",2011-10-21,27.5
"139",2011-10-24,27.27
"140",2011-10-25,29.34
"141",2011-10-26,29.45
"142",2011-10-27,28.99
"143",2011-10-28,29.91
"144",2011-10-31,29.34
"145",2011-11-01,29.3
"146",2011-11-02,29.1
"147",2011-11-03,29.18
"148",2011-11-04,28.6
"149",2011-11-07,29.86
"150",2011-11-08,29.07
"151",2011-11-09,28.4
"152",2011-11-10,28.7
"153",2011-11-11,27.95
"154",2011-11-14,28
"155",2011-11-15,28.45
"156",2011-11-16,27.57
"157",2011-11-17,26.72
"158",2011-11-21,26.77
"159",2011-11-22,25.8
"160",2011-11-23,25.78
"161",2011-11-24,25.54
"162",2011-11-25,25.01
"163",2011-11-28,24.89
"164",2011-11-29,25.7
"165",2011-11-30,25.76
"166",2011-12-01,23.8
"167",2011-12-02,24.16
"168",2011-12-05,23.1
"169",2011-12-06,22.5
"170",2011-12-07,22.72
"171",2011-12-08,22.6
"172",2011-12-09,22.8
"173",2011-12-12,22.67
"174",2011-12-13,22.4
"175",2011-12-14,21.1
"176",2011-12-15,20.86
"177",2011-12-16,20.6
"178",2011-12-19,21.43
"179",2011-12-20,21.46
"180",2011-12-21,21.37
"181",2011-12-22,20.5
"182",2011-12-23,20.15
"183",2011-12-26,20.47
"184",2011-12-27,20
"185",2011-12-28,19.2
"186",2011-12-29,18.52
"187",2011-12-30,18.56
"188",2012-01-04,18.72
"189",2012-01-05,17.6
"190",2012-01-06,16.52
"191",2012-01-09,16.98
"192",2012-01-10,17.72
"193",2012-01-11,18.39
"194",2012-01-12,18.54
"195",2012-01-13,18.52
"196",2012-01-16,17.5
"197",2012-01-17,16.96
"198",2012-01-18,18.18
"199",2012-01-19,17.59
"200",2012-01-20,17.85
"201",2012-01-30,18.08
"202",2012-01-31,18.29
"203",2012-02-01,18.31
"204",2012-02-02,18.12
"205",2012-02-03,18.31
"206",2012-02-06,18.44
"207",2012-02-07,19.32
"208",2012-02-08,18.78
"209",2012-02-09,19.33
"210",2012-02-10,19.29
"211",2012-02-13,19.18
"212",2012-02-14,19.58
"213",2012-02-15,19.38
"214",2012-02-16,19.56
"215",2012-02-17,19.43
"216",2012-02-20,19.37
"217",2012-02-21,20.15
"218",2012-02-22,20.17
"219",2012-02-23,20.5
"220",2012-02-24,20.66
"221",2012-02-27,20.71
"222",2012-02-28,20.61
"223",2012-02-29,20.21
"224",2012-03-01,20.54
"225",2012-03-02,21.34
"226",2012-03-05,21.5
"227",2012-03-06,21.3
"228",2012-03-07,21.35
"229",2012-03-08,20.86
"230",2012-03-09,20.93
"231",2012-03-12,21.34
"232",2012-03-13,21.46
"233",2012-03-14,21.51
"234",2012-03-15,20.33
"235",2012-03-16,19.82
"236",2012-03-19,20.34
"237",2012-03-20,20.65
"238",2012-03-21,20.02
"239",2012-03-22,20.11
"240",2012-03-23,19.95
"241",2012-03-26,19.4
"242",2012-03-27,19.58
"243",2012-03-28,19.64
"244",2012-03-29,17.8
"245",2012-03-30,17.22
"246",2012-04-05,17.05
"247",2012-04-06,17.5
"248",2012-04-09,17.71
"249",2012-04-10,16.71
"250",2012-04-11,17.42
"251",2012-04-12,17.41
"252",2012-04-13,18.35
"253",2012-04-16,19.77
"254",2012-04-17,19.75
"255",2012-04-18,19.78
"256",2012-04-19,19.56
"257",2012-04-23,19.42
"258",2012-04-24,19.19
"259",2012-04-25,19.15
"260",2012-04-26,19
"261",2012-04-27,19.11
"262",2012-05-02,18.83
"263",2012-05-03,19.46
"264",2012-05-04,20.44
"265",2012-05-07,20.3
"266",2012-05-08,20.4
"267",2012-05-09,20.35
"268",2012-05-10,20.6
"269",2012-05-11,20.48
"270",2012-05-14,20.23
"271",2012-05-15,20.7
"272",2012-05-16,20.47
"273",2012-05-17,20.13
"274",2012-05-18,20.26
"275",2012-05-21,19.53
"276",2012-05-22,19.45
"277",2012-05-23,19.85
"278",2012-05-24,19.56
"279",2012-05-25,19.54
"280",2012-05-28,18.91
"281",2012-05-29,19.1
"282",2012-05-30,19.29
"283",2012-05-31,19.28
"284",2012-06-01,19.45
"285",2012-06-04,19.5
"286",2012-06-05,18.79
"287",2012-06-06,18.93
"288",2012-06-07,18.69
"289",2012-06-08,18.83
"290",2012-06-11,18.8
"291",2012-06-12,18.97
"292",2012-06-13,19.03
"293",2012-06-14,20.21
"294",2012-06-15,20.02
"295",2012-06-18,20.12
"296",2012-06-19,21
"297",2012-06-20,20.71
"298",2012-06-21,21.02
"299",2012-06-25,20.62
"300",2012-06-26,19.92
"301",2012-06-27,20.36
"302",2012-06-28,20.42
"303",2012-06-29,21.12
"304",2012-07-02,22.44
"305",2012-07-03,22.87
"306",2012-07-04,25.16
"307",2012-07-05,27.68
"308",2012-07-06,28.9
"309",2012-07-09,29.6
"310",2012-07-10,32.56
"311",2012-07-11,31.17
"312",2012-07-12,31.1
"313",2012-07-13,30.77
"314",2012-07-16,31.3
"315",2012-07-17,30.55
"316",2012-07-18,32.2
"317",2012-07-19,34.2
"318",2012-07-20,33.57
"319",2012-07-23,30.21
"320",2012-07-24,29.38
"321",2012-07-25,29.41
"322",2012-07-26,30.35
"323",2012-07-27,28.99
"324",2012-07-30,29.36
"325",2012-07-31,29.9
"326",2012-08-01,28.75
"327",2012-08-02,30.4
"328",2012-08-03,33.44
"329",2012-08-06,36.78
"330",2012-08-07,37.5
"331",2012-08-08,37.81
"332",2012-08-09,37.41
"333",2012-08-10,37.6
"334",2012-08-13,36.8
"335",2012-08-14,37.21
"336",2012-08-15,36.08
"337",2012-08-16,34.62
"338",2012-08-17,35.05
"339",2012-08-20,37.8
"340",2012-08-21,36.9
"341",2012-08-22,38.59
"342",2012-08-23,38.16
"343",2012-08-24,37.73
"344",2012-08-27,36.72
"345",2012-08-28,37.28
"346",2012-08-29,37.3
"347",2012-08-30,38.21
"348",2012-08-31,34.39
"349",2012-09-03,34.4
"350",2012-09-04,35.83
"351",2012-09-05,36
"352",2012-09-06,37.4
"353",2012-09-07,37.39
"354",2012-09-10,39.63
"355",2012-09-11,39.6
"356",2012-09-12,39.08
"357",2012-09-13,38.6
"358",2012-09-14,37.88
"359",2012-09-17,36.86
"360",2012-09-18,35.73
"361",2012-09-19,37.11
"362",2012-09-20,35.9
"363",2012-09-21,34
"364",2012-09-24,34.77
"365",2012-09-25,34.06
"366",2012-09-26,32.85
"367",2012-09-27,15.28
"368",2012-09-28,16.81
"369",2012-10-08,17.04
"370",2012-10-09,18.07
"371",2012-10-10,18.29
"372",2012-10-11,18.26
"373",2012-10-12,17.7
"374",2012-10-15,18.71
"375",2012-10-16,18.73
"376",2012-10-17,18.5
"377",2012-10-18,18.25
"378",2012-10-19,17.98
"379",2012-10-22,17.95
"380",2012-10-23,17.89
"381",2012-10-24,17.54
"382",2012-10-25,16.88
"383",2012-10-26,16.27
"384",2012-10-29,15.91
"385",2012-10-30,16.74
"386",2012-10-31,16.74
"387",2012-11-01,15.76
"388",2012-11-02,15.94
"389",2012-11-05,16.21
"390",2012-11-06,15.63
"391",2012-11-07,15.6
"392",2012-11-08,15.72
"393",2012-11-09,14.92
"394",2012-11-12,14.61
"395",2012-11-13,14.8
"396",2012-11-14,13.98
"397",2012-11-15,13.99
"398",2012-11-16,13.48
"399",2012-11-19,13.59
"400",2012-11-20,13.41
"401",2012-11-21,13.42
"402",2012-11-22,13.88
"403",2012-11-23,13.44
"404",2012-11-26,13.54
"405",2012-11-27,12.93
"406",2012-11-28,12.71
"407",2012-11-29,12.27
"408",2012-11-30,11.7
"409",2012-12-03,12.04
"410",2012-12-04,11.27
"411",2012-12-05,11.7
"412",2012-12-06,12.23
"413",2012-12-07,12.05
"414",2012-12-10,12.8
"415",2012-12-11,12.94
"416",2012-12-12,13.48
"417",2012-12-13,13.59
"418",2012-12-14,13.64
"419",2012-12-17,14.14
"420",2012-12-18,14.04
"421",2012-12-19,13.69
"422",2012-12-20,13.89
"423",2012-12-21,13.74
"424",2012-12-24,13.89
"425",2012-12-25,14.12
"426",2012-12-26,14.22
"427",2012-12-27,14.75
"428",2012-12-28,15.9
"429",2012-12-31,15.66
"430",2013-01-04,15.94
"431",2013-01-07,15.71
"432",2013-01-08,15.68
"433",2013-01-09,16.12
"434",2013-01-10,15.95
"435",2013-01-11,15.92
"436",2013-01-14,15.15
"437",2013-01-15,15.55
"438",2013-01-16,16.2
"439",2013-01-17,15.94
"440",2013-01-18,17.53
"441",2013-01-21,17.4
"442",2013-01-22,17.06
"443",2013-01-23,17.43
"444",2013-01-24,17.27
"445",2013-01-25,16.59
"446",2013-01-28,16.75
"447",2013-01-29,17.28
"448",2013-01-30,17.34
"449",2013-01-31,17.43
"450",2013-02-01,16.95
"451",2013-02-04,16.9
"452",2013-02-05,16.8
"453",2013-02-06,16.81
"454",2013-02-07,16.78
"455",2013-02-08,17.19
"456",2013-02-18,17.2
"457",2013-02-19,17.42
"458",2013-02-20,17.62
"459",2013-02-21,18.47
"460",2013-02-22,18.93
"461",2013-02-25,19.5
"462",2013-02-26,19.58
"463",2013-02-27,18.64
"464",2013-02-28,18.03
"465",2013-03-01,18.81
"466",2013-03-04,19.1
"467",2013-03-05,19
"468",2013-03-06,19.19
"469",2013-03-07,18.4
"470",2013-03-08,18.81
"471",2013-03-11,18.74
"472",2013-03-12,19.1
"473",2013-03-13,19.23
"474",2013-03-14,20.49
"475",2013-03-15,20.75
"476",2013-03-18,22.36
"477",2013-03-19,22.7
"478",2013-03-20,21.2
"479",2013-03-21,21.63
"480",2013-03-22,23.25
"481",2013-03-25,22.53
"482",2013-03-26,23.2
"483",2013-03-27,24.11
"484",2013-03-28,24.08
"485",2013-03-29,23.29
"486",2013-04-01,22.62
"487",2013-04-02,23.74
"488",2013-04-03,22.86
"489",2013-04-08,21.51
"490",2013-04-09,22.24
"491",2013-04-10,21.71
"492",2013-04-11,21.6
"493",2013-04-12,21.61
"494",2013-04-15,21.63
"495",2013-04-16,20.6
"496",2013-04-17,20.68
"497",2013-04-18,21.08
"498",2013-04-19,21.03
"499",2013-04-22,21.15
"500",2013-04-23,22.72
"501",2013-04-24,20.45
"502",2013-04-25,18.58
"503",2013-04-26,17.43
"504",2013-05-02,17.55
"505",2013-05-03,16.92
"506",2013-05-06,17.48
"507",2013-05-07,17.91
"508",2013-05-08,17.52
"509",2013-05-09,17.87
"510",2013-05-10,18.1
"511",2013-05-13,18.1
"512",2013-05-14,17.95
"513",2013-05-15,17.56
"514",2013-05-16,17.13
"515",2013-05-17,17.85
"516",2013-05-20,19.07
"517",2013-05-21,19.78
"518",2013-05-22,19.88
"519",2013-05-23,19.6
"520",2013-05-24,19.58
"521",2013-05-27,20.14
"522",2013-05-28,20.94
"523",2013-05-29,20.38
"524",2013-05-30,20.39
"525",2013-05-31,20.41
"526",2013-06-03,19.67
"527",2013-06-04,19
"528",2013-06-05,18.38
"529",2013-06-06,18.44
"530",2013-06-07,17.99
"531",2013-06-13,18
"532",2013-06-14,17.68
"533",2013-06-17,18.23
"534",2013-06-18,18.67
"535",2013-06-19,18.29
"536",2013-06-20,17.96
"537",2013-06-21,17.04
"538",2013-06-24,16.35
"539",2013-06-25,15.33
"540",2013-06-26,15.5
"541",2013-06-27,15.4
"542",2013-06-28,14.79
"543",2013-07-01,14.45
"544",2013-07-02,13.85
"545",2013-07-03,14.32
"546",2013-07-04,13.99
"547",2013-07-05,14
"548",2013-07-08,14.36
"549",2013-07-09,13.7
"550",2013-07-10,13.2
"551",2013-07-11,13.5
"552",2013-07-12,14.09
"553",2013-07-15,14.06
"554",2013-07-16,15.45
"555",2013-07-17,15.73
"556",2013-07-18,15.47
"557",2013-07-19,15.56
"558",2013-07-22,15.38
"559",2013-07-23,15.3
"560",2013-07-24,16.2
"561",2013-07-25,17.34
"562",2013-07-26,17.32
"563",2013-07-29,16.43
"564",2013-07-30,16.25
"565",2013-07-31,15.86
"566",2013-08-01,16.12
"567",2013-08-02,16.29
"568",2013-08-05,15.62
"569",2013-08-06,15.6
"570",2013-08-07,16.25
"571",2013-08-08,15.88
"572",2013-08-09,15.75
"573",2013-08-12,16.26
"574",2013-08-13,16.34
"575",2013-08-14,16.22
"576",2013-08-15,15.96
"577",2013-08-16,15.64
"578",2013-08-19,14.5
"579",2013-08-20,14.62
"580",2013-08-21,15.06
"581",2013-08-22,14.84
"582",2013-08-23,14.48
"583",2013-08-26,14.97
"584",2013-08-27,15.15
"585",2013-08-28,15.39
"586",2013-08-29,15.78
"587",2013-08-30,16.34
"588",2013-09-02,16.1
"589",2013-09-03,16.42
"590",2013-09-04,16.26
"591",2013-09-05,16.09
"592",2013-09-06,16.25
"593",2013-09-09,16.16
"594",2013-09-10,16.11
"595",2013-09-11,16.28
"596",2013-09-12,16.35
"597",2013-09-13,16.9
"598",2013-09-16,16.63
"599",2013-09-17,16.33
"600",2013-09-18,16.35
"601",2013-09-23,16.65
"602",2013-09-24,16.79
"603",2013-09-25,16.96
"604",2013-09-26,16.71
"605",2013-09-27,16.47
"606",2013-09-30,16.67
"607",2013-10-08,16.7
"608",2013-10-09,16.7
"609",2013-10-10,16.53
"610",2013-10-11,16.4
"611",2013-10-14,16.33
"612",2013-10-15,16.33
"613",2013-10-16,15.68
"614",2013-10-17,15.33
"615",2013-10-18,15.59
"616",2013-10-21,15.57
"617",2013-10-22,15.79
"618",2013-10-23,15.53
"619",2013-10-24,15.03
"620",2013-10-25,14.92
"621",2013-10-28,14.74
"622",2013-10-29,14.87
"623",2013-10-30,14.3
"624",2013-10-31,14.8
"625",2013-11-01,14.6
"626",2013-11-04,14.9
"627",2013-11-05,14.81
"628",2013-11-06,14.76
"629",2013-11-07,14.62
"630",2013-11-08,14.44
"631",2013-11-11,14.73
"632",2013-11-12,14.67
"633",2013-11-13,15
"634",2013-11-14,14.8
"635",2013-11-15,14.91
"636",2013-11-18,14.98
"637",2013-11-19,15.09
"638",2013-11-20,15.01
"639",2013-11-21,14.95
"640",2013-11-22,14.82
"641",2013-11-25,14.6
"642",2013-11-26,14.5
"643",2013-11-27,14.78
"644",2013-11-28,14.81
"645",2013-11-29,15.04
"646",2013-12-02,14.97
"647",2013-12-03,14.37
"648",2013-12-04,14.56
"649",2013-12-05,14.9
"650",2013-12-06,14.78
"651",2013-12-09,14.59
"652",2013-12-10,14.7
"653",2013-12-11,15.57
"654",2013-12-12,15.35
"655",2013-12-13,15.27
"656",2013-12-16,15.36
"657",2013-12-17,15.65
"658",2013-12-18,15.3
"659",2013-12-19,15.31
"660",2013-12-20,14.99
"661",2013-12-23,14.69
"662",2013-12-24,14.55
"663",2013-12-25,14.54
"664",2013-12-26,14.6
"665",2013-12-27,14.6
"666",2013-12-30,14.62
"667",2013-12-31,14.72
"668",2014-01-02,14.73
"669",2014-01-03,14.74
"670",2014-01-06,15.18
"671",2014-01-07,14.97
"672",2014-01-08,15.45
"673",2014-01-09,15.7
"674",2014-01-10,15.46
"675",2014-01-13,14.91
"676",2014-01-14,14.8
"677",2014-01-15,15.07
"678",2014-01-16,14.83
"679",2014-01-17,14.99
"680",2014-01-20,14.69
"681",2014-01-21,14.5
"682",2014-01-22,14.52
"683",2014-01-23,14.74
"684",2014-01-24,14.86
"685",2014-01-27,15.15
"686",2014-01-28,14.98
"687",2014-01-29,14.7
"688",2014-01-30,14.56
"689",2014-02-07,14.58
"690",2014-02-10,14.69
"691",2014-02-11,15.02
"692",2014-02-12,14.95
"693",2014-02-13,15.33
"694",2014-02-14,15.12
"695",2014-02-17,15.54
"696",2014-02-18,15.55
"697",2014-02-19,15.62
"698",2014-02-20,15.41
"699",2014-02-21,15.23
"700",2014-02-24,15.26
"701",2014-02-25,15.12
"702",2014-02-26,15.35
"703",2014-02-27,15.05
"704",2014-02-28,14.94
"705",2014-03-03,14.98
"706",2014-03-04,15.68
"707",2014-03-05,16.2
"708",2014-03-06,16.29
"709",2014-03-07,16.32
"710",2014-03-10,15.93
"711",2014-03-11,16.03
"712",2014-03-12,16.11
"713",2014-03-13,17.25
"714",2014-03-14,17.25
"715",2014-03-17,17.06
"716",2014-03-18,17.97
"717",2014-03-19,17.8
"718",2014-03-20,18.41
"719",2014-03-21,18.51
"720",2014-03-24,18.48
"721",2014-03-25,18.58
"722",2014-03-26,18.1
"723",2014-03-27,18.08
"724",2014-03-28,18.24
"725",2014-03-31,18.38
"726",2014-04-01,17.92
"727",2014-04-02,17.83
"728",2014-04-03,16.99
"729",2014-04-04,17.29
"730",2014-04-08,17.33
"731",2014-04-09,17.31
"732",2014-04-10,17.99
"733",2014-04-11,18.1
"734",2014-04-14,18.36
"735",2014-04-15,18.78
"736",2014-04-16,19.68
"737",2014-04-17,19.75
"738",2014-04-18,19.25
"739",2014-04-21,19.05
"740",2014-04-22,18.94
"741",2014-04-23,18.78
"742",2014-04-24,18.82
"743",2014-04-25,18.3
"744",2014-04-28,18.42
"745",2014-04-29,17.7
"746",2014-04-30,17.8
"747",2014-05-05,18.08
"748",2014-05-06,18.11
"749",2014-05-07,18.3
"750",2014-05-08,18.07
"751",2014-05-09,16.75
"752",2014-05-12,16.18
"753",2014-05-13,16.28
"754",2014-05-14,16.65
"755",2014-05-15,16.29
"756",2014-05-16,15.85
"757",2014-05-19,15.88
"758",2014-05-20,15.97
"759",2014-05-21,16.14
"760",2014-05-22,16.38
"761",2014-05-23,16.49
"762",2014-05-26,16.6
"763",2014-05-27,16.83
"764",2014-05-28,16.59
"765",2014-05-29,16.8
"766",2014-05-30,16.8
"767",2014-06-03,16.71
"768",2014-06-04,16.94
"769",2014-06-05,16.66
"770",2014-06-06,16.78
"771",2014-06-09,16.61
"772",2014-06-10,16.39
"773",2014-06-11,16.75
"774",2014-06-12,16.85
"775",2014-06-13,17.19
"776",2014-06-16,17.15
"777",2014-06-17,17.2
"778",2014-06-18,16.9
"779",2014-06-19,16.3
"780",2014-06-20,15.79
"781",2014-06-23,15.98
"782",2014-06-24,15.97
"783",2014-06-25,16.09
"784",2014-06-26,15.96
"785",2014-06-27,16.69
"786",2014-06-30,16.9
"787",2014-07-01,18
"788",2014-07-02,17.73
"789",2014-07-03,17.9
"790",2014-07-04,17.66
"791",2014-07-07,17.76
"792",2014-07-08,17.8
"793",2014-07-09,18.3
"794",2014-07-10,17.77
"795",2014-07-11,17.61
"796",2014-07-14,17.29
"797",2014-07-15,17.65
"798",2014-07-16,17.45
"799",2014-07-17,17.36
"800",2014-07-18,17.38
"801",2014-07-21,17.88
"802",2014-09-12,18.08
"803",2014-09-15,19.89
"804",2014-09-16,21.88
"805",2014-09-17,24.07
"806",2014-09-18,26.48
"807",2014-09-19,29.13
"808",2014-09-22,32.04
"809",2014-09-23,35.24
"810",2014-09-24,34.7
"811",2014-09-25,33.76
"812",2014-09-26,34.54
"813",2014-09-29,34.85
"814",2014-09-30,37
"815",2014-10-08,40.7
"816",2014-10-09,39.92
"817",2014-10-10,37.8
"818",2014-10-13,37.3
"819",2014-10-14,38.18
"820",2014-10-15,37.11
"821",2014-10-16,35.7
"822",2014-10-17,38.15
"823",2014-10-20,40.4
"824",2014-10-21,42.61
"825",2014-10-22,41.69
"826",2014-10-23,40.92
"827",2014-10-24,38.7
"828",2014-10-27,39.71
"829",2014-10-28,43.1
"830",2014-10-29,44.9
"831",2014-10-30,45.4
"832",2014-10-31,45.25
"833",2014-11-03,44.35
"834",2014-11-04,45
"835",2014-11-05,43.46
"836",2014-11-06,43.39
"837",2014-11-07,44.3
"838",2014-11-10,45.8
"839",2014-11-11,45
"840",2014-11-12,44.78
"841",2014-11-13,47
"842",2014-11-14,46.14
"843",2014-11-17,46.29
"844",2014-11-18,46.8
"845",2014-11-19,46.51
"846",2014-11-20,46.47
"847",2014-11-21,45.98
"848",2014-11-24,46.01
"849",2014-11-25,43.9
"850",2014-11-26,43.64
"851",2014-11-27,43.46
"852",2014-11-28,43.6
"853",2014-12-01,42.25
"854",2014-12-02,41.6
"855",2014-12-03,42.09
"856",2014-12-04,41
"857",2014-12-05,40.55
"858",2014-12-08,41.86
"859",2014-12-09,39.5
"860",2014-12-10,37.57
"861",2014-12-11,40.19
"862",2014-12-12,39.2
"863",2014-12-15,41.6
"864",2014-12-16,45.08
"865",2014-12-17,45.23
"866",2014-12-18,43.83
"867",2014-12-19,43.99
"868",2014-12-22,41.9
"869",2014-12-23,39.9
"870",2014-12-24,41.66
"871",2014-12-25,41.11
"872",2014-12-26,40.4
"873",2014-12-29,41.59
"874",2014-12-30,40
"875",2014-12-31,39.5
"876",2015-01-05,40.72
"877",2015-01-06,38.81
"878",2015-01-07,39.97
"879",2015-01-08,39.75
"880",2015-01-09,40.02
"881",2015-01-12,41.54
"882",2015-01-13,44
"883",2015-01-14,45.8
"884",2015-01-15,45.07
"885",2015-01-16,43.9
"886",2015-01-19,47.25
"887",2015-01-20,44.87
"888",2015-01-21,47.65
"889",2015-01-22,48.17
"890",2015-01-23,47.58
"891",2015-01-26,46.12
"892",2015-01-27,46.75
"893",2015-01-28,51.43
"894",2015-01-29,51.89
"895",2015-01-30,51.75
"896",2015-02-02,50.71
"897",2015-02-03,55.78
"898",2015-02-04,57.8
"899",2015-02-05,56.22
"900",2015-02-06,61.84
"901",2015-02-09,58.89
"902",2015-02-10,57.4
"903",2015-02-11,58.1
"904",2015-02-12,58.49
"905",2015-02-13,56.7
"906",2015-02-16,56.99
"907",2015-02-17,60.11
"908",2015-02-25,60.9
"909",2015-02-26,60.2
"910",2015-02-27,59.45
"911",2015-03-02,60.25
"912",2015-03-03,66.28
"913",2015-03-04,71.66
"914",2015-03-05,68.06
"915",2015-03-06,67.9
"916",2015-03-09,66
"917",2015-03-10,68
"918",2015-03-11,68.91
"919",2015-03-12,68.94
"920",2015-03-13,67.9
"921",2015-03-16,67.37
"922",2015-03-17,68.98
"923",2015-03-18,70.55
"924",2015-03-19,74.35
"925",2015-03-20,74.78
"926",2015-03-23,74.3
"927",2015-03-24,75.17
"928",2015-03-25,82.69
"929",2015-03-26,89
"930",2015-03-27,88.02
"931",2015-03-30,86.01
"932",2015-03-31,80.9
"933",2015-04-01,80.15
"934",2015-04-02,80.13
"935",2015-04-03,80.54
"936",2015-04-14,79.9
"937",2015-04-15,87.89
"938",2015-04-16,96.68
"939",2015-04-17,106.35
"940",2015-04-20,105.1
"941",2015-04-21,102.58
"942",2015-04-22,112.84
"943",2015-04-30,124.12
"944",2015-05-04,136.53
"945",2015-05-05,137.77
"946",2015-05-06,143.8
"947",2015-05-07,140
"948",2015-05-08,144
"949",2015-05-11,151.95
"950",2015-05-12,163.35
"951",2015-05-13,163.38
"952",2015-05-14,158
"953",2015-05-15,158.94
"954",2015-05-18,156.52
"955",2015-05-19,152.88
"956",2015-05-20,156
"957",2015-05-21,160.51
"958",2015-05-22,176.56
"959",2015-05-25,174.3
"960",2015-05-26,167.7
"961",2015-05-27,164.86
"962",2015-05-28,160.9
"963",2015-05-29,163.96
"964",2015-06-01,161.09
"965",2015-06-02,168.89
"966",2015-06-03,159.81
"967",2015-06-04,159.43
"968",2015-06-05,155.66
"969",2015-06-08,153
"970",2015-06-09,153.65
"971",2015-06-10,155.36
"972",2015-06-11,162
"973",2015-06-12,158.87
"974",2015-06-15,158
"975",2015-06-16,149.4
"976",2015-06-17,144.51
"977",2015-06-18,146.25
"978",2015-06-19,143.3
"979",2015-06-23,136.06
"980",2015-06-24,128.67
"981",2015-06-25,123.8
"982",2015-06-26,111.42
"983",2015-06-29,108.7
"984",2015-06-30,119.57
"985",2015-07-01,131.53
"986",2015-07-02,135.88
"987",2015-07-03,122.29
"988",2015-07-06,127.89
"989",2015-07-07,121.39
"990",2015-07-08,109.25
"991",2015-07-14,98.33
"992",2015-07-15,108.16
"993",2015-07-16,118.98
"994",2015-07-17,117.95
"995",2015-07-20,127.88
"996",2015-07-21,140.66
"997",2015-07-22,141
"998",2015-07-23,137.14
"999",2015-07-24,138
"1000",2015-07-27,130.54
"1001",2015-07-28,117.49
"1002",2015-07-29,108.75
"1003",2015-07-30,115
"1004",2015-07-31,111.9
"1005",2015-08-03,104.42
"1006",2015-08-04,94
"1007",2015-08-05,103.4
"1008",2015-08-06,104.32
"1009",2015-08-07,108.66
"1010",2015-08-10,119.5
"1011",2015-08-11,123
"1012",2015-08-12,119.07
"1013",2015-08-13,112
"1014",2015-08-14,114.46
"1015",2015-08-17,112.9
"1016",2015-08-18,108.97
"1017",2015-08-19,101.15
"1018",2015-08-20,109.99
"1019",2015-08-21,104.45
"1020",2015-08-24,101
"1021",2015-08-25,90.9
"1022",2015-08-26,81.81
"1023",2015-08-27,83.64
"1024",2015-08-28,91.32
"1025",2015-08-31,94.43
"1026",2015-09-01,86.5
"1027",2015-09-02,77.99
"1028",2015-09-07,76.08
"1029",2015-09-08,79.7
"1030",2015-09-09,84.8
"1031",2015-09-10,90
"1032",2015-09-11,85.5
"1033",2015-09-14,86.01
"1034",2015-09-15,78
"1035",2015-09-16,78
"1036",2015-09-17,85.5
"1037",2015-09-18,80.6
"1038",2015-09-21,81.9
"1039",2015-09-22,84.6
"1040",2015-09-23,82.31
"1041",2015-09-24,79.93
"1042",2015-09-25,87.92
"1043",2015-09-28,86
"1044",2015-09-29,42.9
"1045",2015-09-30,41.3
"1046",2015-10-08,40.2
"1047",2015-10-09,42.67
"1048",2015-10-12,39.58
"1049",2015-10-13,41.11
"1050",2015-10-14,40.4
"1051",2015-10-15,44.44
"1052",2015-10-16,46.38
"1053",2015-10-19,45.69
"1054",2015-10-20,44.97
"1055",2015-10-21,45.4
"1056",2015-10-22,40.86
"1057",2015-10-23,44.95
"1058",2015-10-26,44.81
"1059",2015-10-27,44.96
"1060",2015-10-28,43.88
"1061",2015-10-29,42.23
"1062",2015-10-30,42.48
"1063",2015-11-02,41.09
"1064",2015-11-03,39.24
"1065",2015-11-04,39
"1066",2015-11-05,40.81
"1067",2015-11-06,40.27
"1068",2015-11-09,41
"1069",2015-11-10,42.41
"1070",2015-11-11,43.25
"1071",2015-11-12,43.83
"1072",2015-11-13,42.81
"1073",2015-11-16,41.38
"1074",2015-11-17,43.3
"1075",2015-11-18,41.85
"1076",2015-11-19,42.12
"1077",2015-11-20,46.33
"1078",2015-11-23,50.96
"1079",2015-11-24,48.5
"1080",2015-11-25,49.74
"1081",2015-11-26,49.34
"1082",2015-11-27,47.93
"1083",2015-11-30,44.99
"1084",2015-12-01,44
"1085",2015-12-02,44.61
"1086",2015-12-03,43.84
"1087",2015-12-04,45.58
"1088",2015-12-07,44.51
"1089",2015-12-08,44.78
"1090",2015-12-09,45.43
"1091",2015-12-10,43.81
"1092",2015-12-11,43.02
"1093",2015-12-14,41.74
"1094",2015-12-15,42.22
"1095",2015-12-16,42.59
"1096",2015-12-17,42.59
"1097",2015-12-18,43.63
"1098",2016-01-18,42.69
"1099",2016-01-19,38.42
"1100",2016-01-20,35.42
"1101",2016-01-21,34.15
"1102",2016-01-22,30.74
"1103",2016-01-25,29.62
"1104",2016-01-26,29.9
"1105",2016-01-27,26.92
"1106",2016-01-28,27.26
"1107",2016-01-29,26
"1108",2016-02-01,26.57
"1109",2016-02-02,25.28
"1110",2016-02-03,26.25
"1111",2016-02-04,26.4
"1112",2016-02-05,26.66
"1113",2016-02-15,26.17
"1114",2016-02-16,25.42
"1115",2016-02-17,26.89
"1116",2016-02-18,27.6
"1117",2016-02-19,27.04
"1118",2016-02-22,27.28
"1119",2016-02-23,27.93
"1120",2016-02-24,28.51
"1121",2016-02-25,28.13
"1122",2016-02-26,25.32
"1123",2016-02-29,24.5
"1124",2016-03-01,22.05
"1125",2016-03-02,22.36
"1126",2016-03-03,23.47
"1127",2016-03-04,23.46
"1128",2016-03-07,22.13
"1129",2016-03-08,23.5
"1130",2016-03-09,23.54
"1131",2016-03-10,22.81
"1132",2016-03-11,22.31
"1133",2016-03-14,22.26
"1134",2016-03-15,23.2
"1135",2016-03-16,23.29
"1136",2016-03-17,23.13
"1137",2016-03-18,23.68
"1138",2016-03-21,25.15
"1139",2016-03-22,26.13
"1140",2016-03-23,25.41
"1141",2016-03-24,25.91
"1142",2016-03-25,25.45
"1143",2016-03-28,25.42
"1144",2016-03-29,25.62
"1145",2016-03-30,24.75
"1146",2016-03-31,25.74
"1147",2016-04-01,25.58
"1148",2016-04-05,25.58
"1149",2016-04-06,27.23
"1150",2016-04-07,27.43
"1151",2016-04-08,27.7
"1152",2016-04-11,27.66
"1153",2016-04-12,28
"1154",2016-04-13,27.38
"1155",2016-04-14,28.5
"1156",2016-04-15,28.75
"1157",2016-04-18,28.21
"1158",2016-04-19,27.3
"1159",2016-04-20,27.46
"1160",2016-04-21,25.1
"1161",2016-04-22,24.55
"1162",2016-04-25,24.58
"1163",2016-04-26,23.92
"1164",2016-04-27,23.62
"1165",2016-04-28,23.07
"1166",2016-04-29,23.74
"1167",2016-05-03,23.81
"1168",2016-05-04,24.43
"1169",2016-05-05,24.23
"1170",2016-05-06,24.29
"1171",2016-05-09,22.89
"1172",2016-05-10,21.75
"1173",2016-05-11,21.89
"1174",2016-05-12,22.6
"1175",2016-05-13,22.15
"1176",2016-05-16,21.75
"1177",2016-05-17,22.47
"1178",2016-05-18,22.4
"1179",2016-05-19,21.67
"1180",2016-05-20,22.9
"1181",2016-05-23,22.4
"1182",2016-05-24,22.5
"1183",2016-05-25,21.91
"1184",2016-05-26,21.88
"1185",2016-05-27,21.55
"1186",2016-05-30,21.57
"1187",2016-05-31,21.64
"1188",2016-06-01,22.56
"1189",2016-06-02,22.75
"1190",2016-06-03,23.15
"1191",2016-06-06,22.96
"1192",2016-06-07,22.82
"1193",2016-06-08,23.14
"1194",2016-06-13,22.54
"1195",2016-06-14,21
"1196",2016-06-15,20.84
"1197",2016-06-16,21.45
"1198",2016-06-17,20.89
"1199",2016-06-20,21.14
"1200",2016-06-21,21
"1201",2016-06-22,20.82
"1202",2016-06-23,21.36
"1203",2016-06-24,21.79
"1204",2016-06-27,21.03
"1205",2016-06-28,21.48
"1206",2016-06-29,22.02
"1207",2016-06-30,21.83
"1208",2016-07-01,22
"1209",2016-07-04,21.86
"1210",2016-07-05,22.3
"1211",2016-07-06,22.27
"1212",2016-07-07,23.9
"1213",2016-07-08,23.3
"1214",2016-07-11,24.01
"1215",2016-07-12,25.99
"1216",2016-07-13,27
"1217",2016-07-14,26.48
"1218",2016-07-15,26.36
"1219",2016-07-18,25.68
"1220",2016-07-19,25.82
"1221",2016-07-20,25.71
"1222",2016-07-21,25.17
"1223",2016-07-22,25.22
"1224",2016-07-25,24.79
"1225",2016-07-26,24.48
"1226",2016-07-27,24.72
"1227",2016-07-28,22.87
"1228",2016-07-29,23.18
"1229",2016-08-01,22.71
"1230",2016-08-02,23.51
"1231",2016-08-03,23.98
"1232",2016-08-04,23.53
"1233",2016-08-05,23.16
"1234",2016-08-08,22.81
"1235",2016-08-09,22.48
"1236",2016-08-10,22.93
"1237",2016-08-11,23.25
"1238",2016-08-12,22.53
"1239",2016-08-15,22.51
"1240",2016-08-16,23.19
"1241",2016-08-17,23.55
"1242",2016-08-18,23.4
"1243",2016-08-19,23.49
"1244",2016-08-22,23.54
"1245",2016-08-23,23.63
"1246",2016-08-24,23.48
"1247",2016-08-25,23.48
"1248",2016-08-26,22.5
"1249",2016-08-29,22.39
"1250",2016-08-30,22.29
"1251",2016-08-31,22.22
"1252",2016-09-01,22.29
"1253",2016-09-02,22.05
"1254",2016-09-05,22.08
"1255",2016-09-06,22.35
"1256",2016-09-07,22.7
"1257",2016-09-08,22.51
"1258",2016-09-09,22.76
"1259",2016-09-12,22.53
"1260",2016-09-13,21.59
"1261",2016-09-14,21.62
"1262",2016-09-19,21.49
"1263",2016-09-20,21.84
"1264",2016-09-21,21.68
"1265",2016-09-22,21.66
"1266",2016-09-23,21.73
"1267",2016-09-26,21.98
"1268",2016-09-27,21.21
"1269",2016-09-28,21.38
"1270",2016-09-29,21.09
"1271",2016-09-30,21.09
"1272",2016-10-10,21.13
"1273",2016-10-11,22.2
"1274",2016-10-12,22.21
"1275",2016-10-13,22.3
"1276",2016-10-14,22.31
"1277",2016-10-17,22.98
"1278",2016-10-18,22.68
"1279",2016-10-19,22.76
"1280",2016-10-20,22.78
"1281",2016-10-21,22.45
"1282",2016-10-24,22.14
"1283",2016-10-25,22.2
"1284",2016-10-26,22.4
"1285",2016-10-27,22.62
"1286",2016-10-28,22.38
"1287",2016-10-31,23.63
"1288",2016-11-01,23.99
"1289",2016-11-02,24.05
"1290",2016-11-03,23.6
"1291",2016-11-04,23.47
"1292",2016-11-07,23
"1293",2016-11-08,23.2
"1294",2016-11-09,23.31
"1295",2016-11-10,23.72
"1296",2016-11-11,23.71
"1297",2016-11-14,23.71
"1298",2016-11-15,23.34
"1299",2016-11-16,23.85
"1300",2016-11-17,23.84
"1301",2016-11-18,23.43
"1302",2016-11-21,23.26
"1303",2016-11-22,23.34
"1304",2016-11-23,23.37
"1305",2016-11-24,22.88
"1306",2016-11-25,22.47
"1307",2016-11-28,22.5
"1308",2016-11-29,22.5
"1309",2016-11-30,21.98
"1310",2016-12-01,22
"1311",2016-12-02,22.18
"1312",2016-12-05,21.75
"1313",2016-12-06,21.61
"1314",2016-12-07,21.83
"1315",2016-12-08,22.02
"1316",2016-12-09,21.9
"1317",2016-12-12,21.85
"1318",2016-12-13,20.02
"1319",2016-12-14,20.07
"1320",2016-12-15,20.05
"1321",2016-12-16,20.16
"1322",2016-12-19,20.24
"1323",2016-12-20,20.05
"1324",2016-12-21,20.35
"1325",2016-12-22,20.42
"1326",2016-12-23,20.57
"1327",2016-12-26,20.19
"1328",2016-12-27,20.44
"1329",2016-12-28,20.19
"1330",2016-12-29,19.98
"1331",2016-12-30,20.09
"1332",2017-01-03,20.24
"1333",2017-01-04,20.3
"1334",2017-01-05,20.46
"1335",2017-01-06,20.52
"1336",2017-01-09,20.16
"1337",2017-01-10,20.21
"1338",2017-01-11,20.34
"1339",2017-01-12,20.34
"1340",2017-01-13,21.24
"1341",2017-01-16,20.7
"1342",2017-01-17,20.18
"1343",2017-01-18,20.09
"1344",2017-01-19,19.81
"1345",2017-01-20,19.8
"1346",2017-01-23,20.03
"1347",2017-01-24,19.99
"1348",2017-01-25,19.8
"1349",2017-01-26,19.82
"1350",2017-02-03,19.98
"1351",2017-02-06,19.9
"1352",2017-02-07,20.04
"1353",2017-02-08,19.98
"1354",2017-02-09,20.08
"1355",2017-02-10,20.15
"1356",2017-02-13,20.01
"1357",2017-02-14,20.07
"1358",2017-02-15,20.25
"1359",2017-02-16,20.23
"1360",2017-02-17,20.25
"1361",2017-02-20,19.92
"1362",2017-02-21,20.01
"1363",2017-02-22,20.21
"1364",2017-02-23,20.32
"1365",2017-02-24,20.73
"1366",2017-02-27,21.13
"1367",2017-02-28,20.71
"1368",2017-03-01,21.13
"1369",2017-03-02,21.63
"1370",2017-03-03,21.11
"1371",2017-03-06,21.07
"1372",2017-03-07,21.32
"1373",2017-03-08,21.13
"1374",2017-03-09,21.72
"1375",2017-03-10,21.6
"1376",2017-03-13,21.61
"1377",2017-03-14,21.7
"1378",2017-03-15,21.2
"1379",2017-03-16,21.21
"1380",2017-03-17,21.12
"1381",2017-03-20,21.2
"1382",2017-03-21,21.07
"1383",2017-03-22,21.05
"1384",2017-03-23,22.16
"1385",2017-03-24,23.2
"1386",2017-03-27,22.62
"1387",2017-03-28,22.9
"1388",2017-03-29,22.27
"1389",2017-03-30,21.65
"1390",2017-03-31,21.6
"1391",2017-04-05,21.14
"1392",2017-04-06,21.28
"1393",2017-04-07,21.52
"1394",2017-04-10,21.16
"1395",2017-04-11,21.14
"1396",2017-04-12,21.5
"1397",2017-04-13,21.77
"1398",2017-04-14,21.79
"1399",2017-04-17,21.6
"1400",2017-04-18,21.18
"1401",2017-04-19,20.94
"1402",2017-04-20,20.88
"1403",2017-04-21,20.85
"1404",2017-04-24,19.8
"1405",2017-04-25,19.24
"1406",2017-04-26,19.33
"1407",2017-04-27,19.63
"1408",2017-04-28,19.73
"1409",2017-05-02,19.97
"1410",2017-05-03,19.88
"1411",2017-05-04,19.65
"1412",2017-05-05,20.1
"1413",2017-05-08,19.94
"1414",2017-05-09,19.94
"1415",2017-05-10,19.1
"1416",2017-05-11,19
"1417",2017-05-12,18.07
"1418",2017-05-15,17.69
"1419",2017-05-16,17.62
"1420",2017-05-17,17.75
"1421",2017-05-18,17.61
"1422",2017-05-19,17.34
"1423",2017-05-22,17.5
"1424",2017-05-23,16.65
"1425",2017-05-24,16.15
"1426",2017-05-25,16.81
"1427",2017-05-26,16.71
"1428",2017-05-31,17.18
"1429",2017-06-01,17.01
"1430",2017-06-02,16.33
"1431",2017-06-05,16.5
"1432",2017-06-06,16.8
"1433",2017-06-07,16.81
"1434",2017-06-08,17.02
"1435",2017-06-09,16.93
"1436",2017-06-12,17.08
"1437",2017-06-13,17.05
"1438",2017-06-14,17.08
"1439",2017-06-15,16.82
"1440",2017-06-16,17.29
"1441",2017-06-19,16.99
"1442",2017-06-20,17
"1443",2017-06-21,16.82
"1444",2017-06-22,16.45
"1445",2017-06-23,15.97
"1446",2017-06-26,16.31
"1447",2017-06-27,16.39
"1448",2017-06-28,16.38
"1449",2017-06-29,16.38
"1450",2017-06-30,16.53
"1451",2017-07-03,16.62
"1452",2017-07-04,16.68
"1453",2017-07-05,17.93
"1454",2017-07-06,17.67
"1455",2017-07-07,17.48
"1456",2017-07-10,17.26
"1457",2017-07-11,17.19
"1458",2017-07-12,17.19
"1459",2017-07-13,17.57
"1460",2017-07-14,17.59
"1461",2017-07-17,17.81
"1462",2017-07-18,17.04
"1463",2017-07-19,16.62
"1464",2017-07-20,16.49
"1465",2017-07-21,16.42
"1466",2017-07-24,16.17
"1467",2017-07-25,16.06
"1468",2017-07-26,16.14
"1469",2017-07-27,15.93
"1470",2017-07-28,16.36
"1471",2017-07-31,16.25
"1472",2017-08-01,16.55
"1473",2017-08-02,16.42
"1474",2017-08-03,16.38
"1475",2017-08-04,16.49
"1476",2017-08-07,16.4
"1477",2017-08-08,16.4
"1478",2017-08-09,16.41
"1479",2017-08-10,16.25
"1480",2017-08-11,16.74
"1481",2017-08-14,16.16
"1482",2017-08-15,16.36
"1483",2017-08-16,16.36
"1484",2017-08-17,16.61
"1485",2017-08-18,16.96
"1486",2017-08-21,16.82
"1487",2017-08-22,16.9
"1488",2017-08-23,16.77
"1489",2017-08-24,16.74
"1490",2017-08-25,16.62
"1491",2017-08-28,16.79
"1492",2017-08-29,16.91
"1493",2017-08-30,16.8
"1494",2017-08-31,16.77
"1495",2017-09-01,16.8
"1496",2017-09-04,16.75
"1497",2017-09-05,16.94
"1498",2017-09-06,17.01
"1499",2017-09-07,17.14
"1500",2017-09-08,17.02
"1501",2017-09-11,17.27
"1502",2017-09-12,17.22
"1503",2017-09-13,17.15
"1504",2017-09-14,17.68
"1505",2017-09-15,17.5
"1506",2017-09-18,17.78
"1507",2017-09-19,18.35
"1508",2017-09-20,18.1
"1509",2017-09-21,18.04
"1510",2017-09-22,18.06
"1511",2017-09-25,17.71
"1512",2017-09-26,17.71
"1513",2017-09-27,17.75
"1514",2017-09-28,17.79
"1515",2017-09-29,17.8
"1516",2017-10-09,18.45
"1517",2017-10-10,18.91
"1518",2017-10-11,18.82
"1519",2017-10-12,18.8
"1520",2017-10-13,19.03
"1521",2017-10-16,19.13
"1522",2017-10-17,18.87
"1523",2017-10-18,18.77
"1524",2017-10-19,18.83
"1525",2017-10-20,18.26
"1526",2017-10-23,18.08
"1527",2017-10-24,17.93
"1528",2017-10-25,17.8
"1529",2017-10-26,17.92
"1530",2017-10-27,17.99
"1531",2017-10-30,17.62
"1532",2017-10-31,16.66
"1533",2017-11-01,16.72
"1534",2017-11-02,16.49
"1535",2017-11-03,15.97
"1536",2017-11-06,15.63
"1537",2017-11-07,16.18
"1538",2017-11-08,16.37
"1539",2017-11-09,16.09
"1540",2017-11-10,16.16
"1541",2017-11-13,15.9
"1542",2017-11-14,16
"1543",2017-11-15,15.7
"1544",2017-11-16,15.3
"1545",2017-11-17,15.25
"1546",2017-11-20,14.25
"1547",2017-11-21,14.45
"1548",2017-11-22,14
"1549",2017-11-23,14.13
"1550",2017-11-24,13.7
"1551",2017-11-27,13.72
"1552",2017-11-28,13.47
"1553",2017-11-29,13.61
"1554",2017-11-30,13.96
"1555",2017-12-01,13.74
"1556",2017-12-04,13.89
"1557",2017-12-05,13.78
"1558",2017-12-06,13.03
"1559",2017-12-07,13.29
"1560",2017-12-08,13.26
"1561",2017-12-11,13.41
"1562",2017-12-12,13.46
"1563",2017-12-13,13.22
"1564",2017-12-14,13.33
"1565",2017-12-15,13.2
"1566",2017-12-18,13.21
"1567",2017-12-19,13.19
"1568",2017-12-20,13.29
"1569",2017-12-21,12.96
"1570",2017-12-22,12.92
"1571",2017-12-25,13.15
"1572",2017-12-26,13.15
"1573",2017-12-27,13.65
"1574",2017-12-28,13.41
"1575",2017-12-29,13.21
"1576",2018-01-02,13.27
"1577",2018-01-03,13.61
"1578",2018-01-04,13.66
"1579",2018-01-05,13.57
"1580",2018-01-08,13.77
"1581",2018-01-09,13.65
"1582",2018-01-10,13.7
"1583",2018-01-11,13.5
"1584",2018-01-12,13.73
"1585",2018-01-15,13.86
"1586",2018-01-16,13.45
"1587",2018-01-17,13.96
"1588",2018-01-18,14.25
"1589",2018-01-19,14.12
"1590",2018-01-22,14.05
"1591",2018-01-23,14.14
"1592",2018-01-24,14.05
"1593",2018-01-25,13.96
"1594",2018-01-26,13.94
"1595",2018-01-29,13.79
"1596",2018-01-30,13.35
"1597",2018-01-31,13.28
"1598",2018-02-01,12.23
"1599",2018-02-02,11.66
"1600",2018-02-05,11.66
"1601",2018-02-06,11.36
"1602",2018-02-07,10.92
"1603",2018-02-08,10.71
"1604",2018-02-09,10.95
"1605",2018-02-12,10.6
"1606",2018-02-13,10.91
"1607",2018-02-14,10.84
"1608",2018-02-22,10.87
"1609",2018-02-23,11.03
"1610",2018-02-26,11.19
"1611",2018-02-27,11.33
"1612",2018-02-28,11.29
"1613",2018-03-01,12.42
"1614",2018-03-02,13
"1615",2018-03-05,12.92
"1616",2018-03-06,13.13
"1617",2018-03-07,13.66
"1618",2018-03-08,13.44
"1619",2018-03-09,13.36
"1620",2018-03-12,13.65
"1621",2018-03-13,13.62
"1622",2018-03-14,14.15
"1623",2018-03-15,13.85
"1624",2018-03-16,13.52
"1625",2018-03-19,13.39
"1626",2018-03-20,13.43
"1627",2018-03-21,14.08
"1628",2018-03-22,13.6
"1629",2018-03-23,13.66
"1630",2018-03-26,13.29
"1631",2018-03-27,14.62
"1632",2018-03-28,15
"1633",2018-03-29,14.6
"1634",2018-03-30,14.74
"1635",2018-04-02,15.1
"1636",2018-04-03,14.84
"1637",2018-04-04,14.93
"1638",2018-04-09,15.3
"1639",2018-04-10,15
"1640",2018-04-11,14.6
"1641",2018-04-12,14.63
"1642",2018-04-13,14.46
"1643",2018-04-16,14.5
"1644",2018-04-17,14.55
"1645",2018-04-18,14.6
"1646",2018-04-19,14.58
"1647",2018-04-20,14.64
"1648",2018-04-23,14.3
"1649",2018-04-24,12.87
"1650",2018-04-25,12.77
"1651",2018-04-26,12.46
"1652",2018-04-27,12.21
"1653",2018-05-02,12.23
"1654",2018-05-03,12.44
"1655",2018-05-04,12.41
"1656",2018-05-07,12.43
"1657",2018-05-08,12.78
"1658",2018-05-09,13.17
"1659",2018-05-10,13.19
"1660",2018-05-11,13.57
"1661",2018-05-14,13.09
"1662",2018-05-15,12.85
"1663",2018-05-16,13.16
"1664",2018-05-17,13.7
"1665",2018-05-18,13.76
"1666",2018-05-21,14
"1667",2018-05-22,14.32
"1668",2018-05-23,14.75
"1669",2018-05-24,15.1
"1670",2018-05-25,14.95
"1671",2018-05-28,15.03
"1672",2018-05-29,15.03
"1673",2018-05-30,15.14
"1674",2018-05-31,15.2
"1675",2018-06-01,16
"1676",2018-06-04,15.45
"1677",2018-06-05,15.35
"1678",2018-06-06,15.46
"1679",2018-06-07,16.11
"1680",2018-06-08,15.8
"1681",2018-06-11,15.5
"1682",2018-06-12,15.2
"1683",2018-06-13,15.5
"1684",2018-06-14,15.33
"1685",2018-06-15,15.43
"1686",2018-06-19,14.4
"1687",2018-06-20,13.76
"1688",2018-06-21,14.11
"1689",2018-06-22,13.68
"1690",2018-06-25,14.12
"1691",2018-06-26,13.45
"1692",2018-06-27,13.55
"1693",2018-06-28,13.19
"1694",2018-06-29,13.04
"1695",2018-07-02,13.51
"1696",2018-07-03,13.2
"1697",2018-07-04,13.2
"1698",2018-07-05,13.03
"1699",2018-07-06,12.24
"1700",2018-07-09,11.62
"1701",2018-07-10,11.69
"1702",2018-07-11,12.01
"1703",2018-07-12,11.45
"1704",2018-07-13,11.77
"1705",2018-07-16,12.09
"1706",2018-07-17,12.01
"1707",2018-07-18,13.21
"1708",2018-07-19,13.1
"1709",2018-07-20,12.7
"1710",2018-07-23,12.93
"1711",2018-07-24,12.92
"1712",2018-07-25,13.11
"1713",2018-07-26,13.95
"1714",2018-07-27,13.54
"1715",2018-07-30,13.93
"1716",2018-07-31,14.13
"1717",2018-08-01,13.8
"1718",2018-08-02,13.8
"1719",2018-08-03,13.53
"1720",2018-08-06,12.74
"1721",2018-08-07,12.58
"1722",2018-08-08,13.05
"1723",2018-08-09,12.53
"1724",2018-08-10,13.01
"1725",2018-08-13,13.25
"1726",2018-08-14,13.3
"1727",2018-08-15,13.35
"1728",2018-08-16,12.39
"1729",2018-08-17,12.65
"1730",2018-08-20,12.32
"1731",2018-08-21,12.23
"1732",2018-08-22,12.47
"1733",2018-08-23,11.5
"1734",2018-08-24,11.21
"1735",2018-08-27,11.37
"1736",2018-08-28,11.51
"1737",2018-08-29,11.8
"1738",2018-08-30,11.61
"1739",2018-08-31,11.26
"1740",2018-09-03,11.13
"1741",2018-09-04,11.18
"1742",2018-09-05,11.36
"1743",2018-09-06,11.1
"1744",2018-09-07,11.05
"1745",2018-09-10,11.08
"1746",2018-09-11,10.67
"1747",2018-09-12,10.7
"1748",2018-09-13,10.74
"1749",2018-09-14,10.57
"1750",2018-09-17,10.54
"1751",2018-09-18,10.44
"1752",2018-09-19,10.62
"1753",2018-09-20,10.79
"1754",2018-09-21,10.61
"1755",2018-09-25,10.7
"1756",2018-09-26,10.83
"1757",2018-09-27,11.04
"1758",2018-09-28,12.05
"1759",2018-10-08,12
"1760",2018-10-09,11.61
"1761",2018-10-10,11.36
"1762",2018-10-11,11.02
"1763",2018-10-12,9.92
"1764",2018-10-15,9.7
"1765",2018-10-16,9.49
"1766",2018-10-17,9.09
"1767",2018-10-18,9.19
"1768",2018-10-19,8.76
"1769",2018-10-22,8.21
"1770",2018-10-23,8.56
"1771",2018-10-24,8.4
"1772",2018-10-25,8.6
"1773",2018-10-26,8.34
"1774",2018-10-29,8.26
"1775",2018-10-30,8
"1776",2018-10-31,8.25
"1777",2018-11-01,8.27
"1778",2018-11-02,8.35
"1779",2018-11-05,8.63
"1780",2018-11-06,8.69
"1781",2018-11-07,8.7
"1782",2018-11-08,8.67
"1783",2018-11-09,8.76
"1784",2018-11-12,8.63
"1785",2018-11-13,8.99
"1786",2018-11-14,9.24
"1787",2018-11-15,9.47
"1788",2018-11-16,9.52
"1789",2018-11-19,9.72
"1790",2018-11-20,9.7
"1791",2018-11-21,9.28
"1792",2018-11-22,9.5
"1793",2018-11-23,9.73
"1794",2018-11-26,9.15
"1795",2018-11-27,9.02
"1796",2018-11-28,9.08
"1797",2018-11-29,9.52
"1798",2018-11-30,9.18
"1799",2018-12-03,9.17
"1800",2018-12-04,9.49
"1801",2018-12-05,9.91
"1802",2018-12-06,9.74
"1803",2018-12-07,9.49
"1804",2018-12-10,9.5
"1805",2018-12-11,9.26
"1806",2018-12-12,9.35
"1807",2018-12-13,9.57
"1808",2018-12-14,9.7
"1809",2018-12-17,9.32
"1810",2018-12-18,9.55
"1811",2018-12-19,9.37
"1812",2018-12-20,9.02
"1813",2018-12-21,9.06
"1814",2018-12-24,9.31
"1815",2018-12-25,9.26
"1816",2018-12-26,9.05
"1817",2018-12-27,8.96
"1818",2018-12-28,8.65
"1819",2019-01-02,9.14
"1820",2019-01-03,8.87
"1821",2019-01-04,9.03
"1822",2019-01-07,9.22
"1823",2019-01-08,9.4
"1824",2019-01-09,9.37
"1825",2019-01-10,9.29
"1826",2019-01-11,9.21
"1827",2019-01-14,9.28
"1828",2019-01-15,9.19
"1829",2019-01-16,9.33
"1830",2019-01-17,9.22
"1831",2019-01-18,8.96
"1832",2019-01-21,8.97
"1833",2019-01-22,9.08
"1834",2019-01-23,8.96
"1835",2019-01-24,9.16
"1836",2019-01-25,9.2
"1837",2019-01-28,9.01
"1838",2019-01-29,9.33
"1839",2019-01-30,9.02
"1840",2019-01-31,9.03
"1841",2019-02-01,8.99
"1842",2019-02-11,9.51
"1843",2019-02-12,10.46
"1844",2019-02-13,11.17
"1845",2019-02-14,11.52
"1846",2019-02-15,11.99
"1847",2019-02-18,12.02
"1848",2019-02-19,12.3
"1849",2019-02-20,12
"1850",2019-02-21,12.18
"1851",2019-02-22,12.8
"1852",2019-02-25,12.99
"1853",2019-02-26,13.19
"1854",2019-02-27,12.67
"1855",2019-02-28,12.7
"1856",2019-03-01,13.01
"1857",2019-03-04,13.06
"1858",2019-03-05,13.93
"1859",2019-03-06,14.16
"1860",2019-03-07,14.32
"1861",2019-03-08,14.31
"1862",2019-03-11,13.76
"1863",2019-03-12,13.6
"1864",2019-03-13,13.8
"1865",2019-03-14,13.24
"1866",2019-03-15,13.19
"1867",2019-03-18,13.36
"1868",2019-03-19,13.75
"1869",2019-03-20,13.39
"1870",2019-03-21,13.93
"1871",2019-03-22,13.79
"1872",2019-03-25,13.92
"1873",2019-03-26,13.62
"1874",2019-03-27,13.72
"1875",2019-03-28,14.63
"1876",2019-03-29,14.3
"1877",2019-04-01,14.69
"1878",2019-04-02,16.16
"1879",2019-04-03,16.61
"1880",2019-04-04,16.48
"1881",2019-04-08,16.34
"1882",2019-04-09,16.48
"1883",2019-04-10,16.73
"1884",2019-04-11,17.2
"1885",2019-04-12,16.41
"1886",2019-04-15,17.75
"1887",2019-04-16,17.06
"1888",2019-04-17,17.32
"1889",2019-04-18,16.89
"1890",2019-04-19,16.92
"1891",2019-04-22,17.28
"1892",2019-04-23,17.02
"1893",2019-04-24,17.06
"1894",2019-04-25,17.5
"1895",2019-04-26,18.28
"1896",2019-04-29,17.65
"1897",2019-04-30,16.1
"1898",2019-05-06,17.1
"1899",2019-05-07,15.39
"1900",2019-05-08,16
"1901",2019-05-09,16.9
"1902",2019-05-10,15.55
"1903",2019-05-13,16.35
"1904",2019-05-14,16.3
"1905",2019-05-15,15.78
"1906",2019-05-16,17.03
"1907",2019-05-17,16.86
"1908",2019-05-20,16.37
"1909",2019-05-21,15.73
"1910",2019-05-22,15.74
"1911",2019-05-23,15.55
"1912",2019-05-24,14.8
"1913",2019-05-27,15.01
"1914",2019-05-28,15.38
"1915",2019-05-29,15.54
"1916",2019-05-30,15.62
"1917",2019-05-31,15.86
"1918",2019-06-03,15.58
"1919",2019-06-04,15.55
"1920",2019-06-05,15.36
"1921",2019-06-06,15.18
"1922",2019-06-10,14.78
"1923",2019-06-11,15.44
"1924",2019-06-12,15.83
"1925",2019-06-13,15.6
"1926",2019-06-14,15.89
"1927",2019-06-17,15.38
"1928",2019-06-18,15.39
"1929",2019-06-19,15.17
"1930",2019-06-20,15.2
"1931",2019-06-21,15.51
"1932",2019-06-24,15.84
"1933",2019-06-25,16.87
"1934",2019-06-26,17.11
"1935",2019-06-27,17.34
"1936",2019-06-28,17.85
"1937",2019-07-01,17.88
"1938",2019-07-02,18.33
"1939",2019-07-03,18.47
"1940",2019-07-04,18.05
"1941",2019-07-05,17.79
"1942",2019-07-08,17.76
"1943",2019-07-09,17.26
"1944",2019-07-10,17.47
"1945",2019-07-11,17.34
"1946",2019-07-12,17.26
"1947",2019-07-15,17.32
"1948",2019-07-16,17.31
"1949",2019-07-17,17.2
"1950",2019-07-18,16.99
"1951",2019-07-19,16.35
"1952",2019-07-22,16.59
"1953",2019-07-23,16.56
"1954",2019-07-24,16.91
"1955",2019-07-25,16.99
"1956",2019-07-26,18.4
"1957",2019-07-29,19.53
"1958",2019-07-30,19.88
"1959",2019-07-31,19.99
"1960",2019-08-01,20.04
"1961",2019-08-02,20.07
"1962",2019-08-05,20.35
"1963",2019-08-06,19.37
"1964",2019-08-07,19.48
"1965",2019-08-08,19.7
"1966",2019-08-09,19.8
"1967",2019-08-12,19.95
"1968",2019-08-13,19.85
"1969",2019-08-14,19.86
"1970",2019-08-15,21.67
"1971",2019-08-16,21.3
"1972",2019-08-19,20.9
"1973",2019-08-20,20.96
"1974",2019-08-21,21.25
"1975",2019-08-22,20.46
"1976",2019-08-23,19.4
"1977",2019-08-26,18.98
"1978",2019-08-27,18.49
"1979",2019-08-28,18.79
"1980",2019-08-29,19.2
"1981",2019-08-30,19.08
"1982",2019-09-02,19.24
"1983",2019-09-03,19.64
"1984",2019-09-04,19.16
"1985",2019-09-05,19.15
"1986",2019-09-06,19.52
"1987",2019-09-09,19.22
"1988",2019-09-10,19.14
"1989",2019-09-11,19.01
"1990",2019-09-12,18.74
"1991",2019-09-16,19.62
"1992",2019-09-17,19.33
"1993",2019-09-18,19.22
"1994",2019-09-19,20.21
"1995",2019-09-20,20.02
"1996",2019-09-23,21
"1997",2019-09-24,21.35
"1998",2019-09-25,22.05
"1999",2019-09-26,21.6
"2000",2019-09-27,21.21
"2001",2019-09-30,21.51
"2002",2019-10-08,21.36
"2003",2019-10-09,21.06
"2004",2019-10-10,21.58
"2005",2019-10-11,21.24
"2006",2019-10-14,21.65
"2007",2019-10-15,21.75
"2008",2019-10-16,21.8
"2009",2019-10-17,22.82
"2010",2019-10-18,23.56
"2011",2019-10-21,23.43
"2012",2019-10-22,24.5
"2013",2019-10-23,24.06
"2014",2019-10-24,23.25
"2015",2019-10-25,23.24
"2016",2019-10-28,23.6
"2017",2019-10-29,24.71
"2018",2019-10-30,25.58
"2019",2019-10-31,25.3
"2020",2019-11-01,26.66
"2021",2019-11-04,27.72
"2022",2019-11-05,28.8
"2023",2019-11-06,28.74
"2024",2019-11-07,28.78
"2025",2019-11-08,28.11
"2026",2019-11-11,27.87
"2027",2019-11-12,27.12
"2028",2019-11-13,26.77
"2029",2019-11-14,26.79
"2030",2019-11-15,26.88
"2031",2019-11-18,26.17
"2032",2019-11-19,26.18
"2033",2019-11-20,26.39
"2034",2019-11-21,26.05
"2035",2019-11-22,25.67
"2036",2019-11-25,24.86
"2037",2019-11-26,24.65
"2038",2019-11-27,24.45
"2039",2019-11-28,25.11
"2040",2019-11-29,27.05
"2041",2019-12-02,26.51
"2042",2019-12-03,25.75
"2043",2019-12-04,25.38
"2044",2019-12-05,25.3
"2045",2019-12-06,25.29
"2046",2019-12-09,25.52
"2047",2019-12-10,25.04
"2048",2019-12-11,24.38
"2049",2019-12-12,24.29
"2050",2019-12-13,24.3
"2051",2019-12-16,24.82
"2052",2019-12-17,24.67
"2053",2019-12-18,24.58
"2054",2019-12-19,26.04
"2055",2019-12-20,25.48
"2056",2019-12-23,25.64
"2057",2019-12-24,26.3
"2058",2019-12-25,26.98
"2059",2019-12-26,26
"2060",2019-12-27,25.55
"2061",2019-12-30,25.52
"2062",2019-12-31,25.92
"2063",2020-01-02,26.27
"2064",2020-01-03,25.92
"2065",2020-01-06,25.7
"2066",2020-01-07,25.49
"2067",2020-01-08,26.39
"2068",2020-01-09,24.99
"2069",2020-01-10,25.23
"2070",2020-01-13,26.27
"2071",2020-01-14,26.95
"2072",2020-01-15,26.15
"2073",2020-01-16,27.84
"2074",2020-01-17,28.55
"2075",2020-01-20,28.47
"2076",2020-01-21,28.87
"2077",2020-01-22,28.38
"2078",2020-01-23,28.68
"2079",2020-02-03,27.16
"2080",2020-02-04,24.44
"2081",2020-02-05,24.05
"2082",2020-02-06,24.01
"2083",2020-02-07,24.02
"2084",2020-02-10,23.4
"2085",2020-02-11,25
"2086",2020-02-12,25.68
"2087",2020-02-13,26.67
"2088",2020-02-14,26.79
"2089",2020-02-17,26.59
"2090",2020-02-18,26.76
"2091",2020-02-19,28.36
"2092",2020-02-20,29.06
"2093",2020-02-21,29.43
"2094",2020-02-24,29.13
"2095",2020-02-25,31.82
"2096",2020-02-26,32.51
"2097",2020-02-27,30.89
"2098",2020-02-28,31.39
"2099",2020-03-02,30.39
"2100",2020-03-03,31.62
"2101",2020-03-04,33.54
"2102",2020-03-05,33.54
"2103",2020-03-06,35.07
"2104",2020-03-09,34.62
"2105",2020-03-10,33.76
"2106",2020-03-11,33.58
"2107",2020-03-12,32.81
"2108",2020-03-13,31.9
"2109",2020-03-16,31.03
"2110",2020-03-17,29
"2111",2020-03-18,28.92
"2112",2020-03-19,28.25
"2113",2020-03-20,27.78
"2114",2020-03-23,28.27
"2115",2020-03-24,28.3
"2116",2020-03-25,30
"2117",2020-03-26,31.09
"2118",2020-03-27,31.84
"2119",2020-03-30,33.83
"2120",2020-03-31,32.89
"2121",2020-04-01,33.97
"2122",2020-04-02,34.15
"2123",2020-04-03,34.48
"2124",2020-04-07,33.11
"2125",2020-04-08,34.64
"2126",2020-04-09,33.69
"2127",2020-04-10,35.18
"2128",2020-04-13,34.46
"2129",2020-04-14,34.73
"2130",2020-04-15,36.31
"2131",2020-04-16,33.05
"2132",2020-04-17,32.24
"2133",2020-04-20,31.97
"2134",2020-04-21,31.99
"2135",2020-04-22,31.79
"2136",2020-04-23,32.87
"2137",2020-04-24,32.48
"2138",2020-04-27,35.73
"2139",2020-04-28,36.14
"2140",2020-04-29,38.6
"2141",2020-04-30,40.55
"2142",2020-05-06,39.15
"2143",2020-05-07,41
"2144",2020-05-08,40.59
"2145",2020-05-11,40.39
"2146",2020-05-12,40.43
"2147",2020-05-13,41.47
"2148",2020-05-14,42.6
"2149",2020-05-15,44.8
"2150",2020-05-18,45.22
"2151",2020-05-19,45.04
"2152",2020-05-20,47.04
"2153",2020-05-21,45.75
"2154",2020-05-22,45.49
"2155",2020-05-25,44.39
"2156",2020-05-26,45.01
"2157",2020-05-27,45
"2158",2020-05-28,45.02
"2159",2020-05-29,45.85
"2160",2020-06-01,47.38
"2161",2020-06-02,45.97
"2162",2020-06-03,41.37
"2163",2020-06-04,41.82
"2164",2020-06-05,41.74
"2165",2020-06-08,41.11
"2166",2020-06-09,40.74
"2167",2020-06-10,42.36
"2168",2020-06-11,43.25
"2169",2020-06-12,42.28
"2170",2020-06-15,43.2
"2171",2020-06-16,43.3
"2172",2020-06-17,44.63
"2173",2020-06-18,42.4
"2174",2020-06-19,42.17
"2175",2020-06-22,43.77
"2176",2020-06-23,42
"2177",2020-06-24,43.41
"2178",2020-06-29,42.75
"2179",2020-06-30,42.8
"2180",2020-07-01,45.32
"2181",2020-07-02,45.16
"2182",2020-07-03,44.79
"2183",2020-07-06,44.66
"2184",2020-07-07,49.13
"2185",2020-07-08,50.05
"2186",2020-07-09,52.32
"2187",2020-07-10,52.15
"2188",2020-07-13,53.91
"2189",2020-07-14,55
"2190",2020-07-15,54.2
"2191",2020-07-16,53.93
"2192",2020-07-17,50.43
"2193",2020-07-20,52.01
"2194",2020-07-21,50.6
"2195",2020-07-22,51.49
"2196",2020-07-23,52.61
"2197",2020-07-24,54.47
"2198",2020-07-27,49.8
"2199",2020-07-28,48.7
"2200",2020-07-29,51
"2201",2020-07-30,51.77
"2202",2020-07-31,51.46
"2203",2020-08-03,54.4
"2204",2020-08-04,59.84
"2205",2020-08-05,60
"2206",2020-08-06,60.3
"2207",2020-08-07,60.25
"2208",2020-08-10,60.11
"2209",2020-08-11,60.19
"2210",2020-08-12,58.5
"2211",2020-08-13,55.72
"2212",2020-08-14,55.4
"2213",2020-08-17,57.34
"2214",2020-08-18,57.1
"2215",2020-08-19,60.65
"2216",2020-08-20,59.29
"2217",2020-08-21,59.85
"2218",2020-08-24,60.35
"2219",2020-08-25,60.65
"2220",2020-08-26,61.65
"2221",2020-08-27,59.76
"2222",2020-08-28,60.84
"2223",2020-08-31,62.03
"2224",2020-09-01,61.2
"2225",2020-09-02,60.81
"2226",2020-09-03,59.29
"2227",2020-09-04,57.97
"2228",2020-09-07,56.93
"2229",2020-09-08,54.71
"2230",2020-09-09,54.16
"2231",2020-09-10,50.78
"2232",2020-09-11,50.76
"2233",2020-09-14,51.4
"2234",2020-09-15,53.53
"2235",2020-09-16,56.06
"2236",2020-09-17,54.31
"2237",2020-09-18,52.6
"2238",2020-09-21,54.6
"2239",2020-09-22,54.39
"2240",2020-09-23,54.99
"2241",2020-09-24,55.79
"2242",2020-09-25,53.96
"2243",2020-09-28,59.36
"2244",2020-09-29,63.95
"2245",2020-09-30,62.92
"2246",2020-10-09,63.87
"2247",2020-10-12,64.46
"2248",2020-10-13,63.67
"2249",2020-10-14,64
"2250",2020-10-15,66.34
"2251",2020-10-16,66.7
"2252",2020-10-19,66.62
"2253",2020-10-20,64.74
"2254",2020-10-21,66.5
"2255",2020-10-22,64.3
"2256",2020-10-23,62.08
"2257",2020-10-26,63.38
"2258",2020-10-27,65.06
"2259",2020-10-28,67.12
"2260",2020-10-29,68.93
"2261",2020-10-30,68.1
"2262",2020-11-02,66.69
"2263",2020-11-03,67.59
"2264",2020-11-04,68.17
"2265",2020-11-05,69.03
"2266",2020-11-06,68.91
"2267",2020-11-09,68.9
"2268",2020-11-10,68.82
"2269",2020-11-11,73.67
"2270",2020-11-12,73.5
"2271",2020-11-13,75.64
"2272",2020-11-16,74.65
"2273",2020-11-17,75.44
"2274",2020-11-18,75.89
"2275",2020-11-19,76.08
"2276",2020-11-20,81.63
"2277",2020-11-23,84.56
"2278",2020-11-24,82.47
"2279",2020-11-25,84.3
"2280",2020-11-26,76.39
"2281",2020-11-27,75.32
"2282",2020-11-30,76.7
"2283",2020-12-01,76.55
"2284",2020-12-02,74.54
"2285",2020-12-03,71.96
"2286",2020-12-04,75.38
"2287",2020-12-07,78.86
"2288",2020-12-08,79.99
"2289",2020-12-09,79.9
"2290",2020-12-10,87.89
"2291",2020-12-11,90.6
"2292",2020-12-14,90.27
"2293",2020-12-15,92.19
"2294",2020-12-16,95.49
"2295",2020-12-17,96.32
"2296",2020-12-18,96.44
"2297",2020-12-21,97.4
"2298",2020-12-22,99.17
"2299",2020-12-23,99.18
"2300",2020-12-24,96.49
"2301",2020-12-25,95.83
"2302",2020-12-28,96.01
"2303",2020-12-29,99.34
"2304",2020-12-30,100.7
"2305",2020-12-31,101.68
"2306",2021-01-04,104.29
"2307",2021-01-05,113.61
"2308",2021-01-06,111.19
"2309",2021-01-07,110.46
"2310",2021-01-08,111.8
"2311",2021-01-11,110.5
"2312",2021-01-12,110.78
"2313",2021-01-13,110.52
"2314",2021-01-14,108.29
"2315",2021-01-15,104.8
"2316",2021-01-18,102.58
"2317",2021-01-19,112.84
"2318",2021-01-20,118.11
"2319",2021-01-21,114.59
"2320",2021-01-22,116.25
"2321",2021-01-25,114.8
"2322",2021-01-26,119.39
"2323",2021-01-27,118.45
"2324",2021-01-28,118.8
"2325",2021-01-29,116.46
"2326",2021-02-01,119.3
"2327",2021-02-02,118.05
"2328",2021-02-03,124.26
"2329",2021-02-04,133
"2330",2021-02-05,133.5
"2331",2021-02-08,132.73
"2332",2021-02-09,133.22
"2333",2021-02-10,134.64
"2334",2021-02-18,139.13
"2335",2021-02-19,133.5
"2336",2021-02-22,130.52
"2337",2021-02-23,117.47
"2338",2021-02-24,110.93
"2339",2021-02-25,105.97
"2340",2021-02-26,100.35
"2341",2021-03-01,97.37
"2342",2021-03-02,94.51
"2343",2021-03-03,95
"2344",2021-03-04,96.7
"2345",2021-03-05,94.8
"2346",2021-03-08,94.7
"2347",2021-03-09,87.6
"2348",2021-03-10,84.36
"2349",2021-03-11,90.49
"2350",2021-03-12,92.7
"2351",2021-03-15,92.12
"2352",2021-03-16,89.79
"2353",2021-03-17,93.15
"2354",2021-03-18,94.3
"2355",2021-03-19,103.73
"2356",2021-03-22,98.3
"2357",2021-03-23,96.62
"2358",2021-03-24,99.41
"2359",2021-03-25,99.1
"2360",2021-03-26,99.12
"2361",2021-03-29,100.83
"2362",2021-03-30,105.99
"2363",2021-03-31,106.22
"2364",2021-04-01,109
"2365",2021-04-02,115.05
"2366",2021-04-06,115
"2367",2021-04-07,112.42
"2368",2021-04-08,113.58
"2369",2021-04-09,116.36
"2370",2021-04-12,111.1
"2371",2021-04-13,103.14
"2372",2021-04-14,107.53
"2373",2021-04-15,109.58
"2374",2021-04-16,111.19
"2375",2021-04-19,113
"2376",2021-04-20,113.55
"2377",2021-04-21,115.46
"2378",2021-04-22,118.1
"2379",2021-04-23,116.5
"2380",2021-04-26,118.7
"2381",2021-04-27,121.47
"2382",2021-04-28,124.12
"2383",2021-04-29,125.26
"2384",2021-04-30,125.48
"2385",2021-05-06,124.52
"2386",2021-05-07,116.5
"2387",2021-05-10,118.01
"2388",2021-05-11,118.5
"2389",2021-05-12,118.4
"2390",2021-05-13,123.14
"2391",2021-05-14,123.24
"2392",2021-05-17,125.63
"2393",2021-05-18,135
"2394",2021-05-19,135.3
"2395",2021-05-20,133.95
"2396",2021-05-21,134.5
"2397",2021-05-24,132.8
"2398",2021-05-25,134.39
"2399",2021-05-26,133.74
"2400",2021-05-27,125.75
"2401",2021-05-28,128
"2402",2021-05-31,127.82
"2403",2021-06-01,123.4
"2404",2021-06-02,120
"2405",2021-06-03,116.08
"2406",2021-06-04,117.21
"2407",2021-06-07,119.98
"2408",2021-06-08,88.54
"2409",2021-06-09,82.49
"2410",2021-06-10,81.06
"2411",2021-06-11,80.03
"2412",2021-06-15,80.65
"2413",2021-06-16,83.71
"2414",2021-06-17,82.27
"2415",2021-06-18,86.75
"2416",2021-06-21,89.82
"2417",2021-06-22,89.07
"2418",2021-06-23,92.32
"2419",2021-06-24,88
"2420",2021-06-25,87.21
"2421",2021-06-28,88.43
"2422",2021-06-29,88.82
"2423",2021-06-30,86.68
"2424",2021-07-01,94.79
"2425",2021-07-02,88.5
"2426",2021-07-05,83.77
"2427",2021-07-06,83.56
"2428",2021-07-07,80.9
"2429",2021-07-08,83.53
"2430",2021-07-09,80.68
"2431",2021-07-12,77.61
"2432",2021-07-13,78.73
"2433",2021-07-14,82.4
"2434",2021-07-15,83.03
"2435",2021-07-16,87.97
"2436",2021-07-19,84.46
"2437",2021-07-20,85.33
"2438",2021-07-21,85.42
"2439",2021-07-22,85.18
"2440",2021-07-23,82.88
"2441",2021-07-26,79.49
"2442",2021-07-27,74.86
"2443",2021-07-28,68.98
"2444",2021-07-29,72.51
"2445",2021-07-30,74.8
"2446",2021-08-02,69.53
"2447",2021-08-03,74.49
"2448",2021-08-04,76.99
"2449",2021-08-05,76.02
"2450",2021-08-06,77.35
"2451",2021-08-09,76.35
"2452",2021-08-10,83.99
"2453",2021-08-11,87.68
"2454",2021-08-12,85.72
"2455",2021-08-13,82.78
"2456",2021-08-16,82.54
"2457",2021-08-17,81.85
"2458",2021-08-18,78.12
"2459",2021-08-19,78.36
"2460",2021-08-20,78.85
"2461",2021-08-23,74.69
"2462",2021-08-24,75.16
"2463",2021-08-25,78.1
"2464",2021-08-26,77.59
"2465",2021-08-27,74.87
"2466",2021-08-30,74.08
"2467",2021-08-31,73.28
"2468",2021-09-01,71.67
"2469",2021-09-02,75.18
"2470",2021-09-03,70.81
"2471",2021-09-06,71.24
"2472",2021-09-07,69.98
"2473",2021-09-08,71
"2474",2021-09-09,66.86
"2475",2021-09-10,67.05
"2476",2021-09-13,64.54
"2477",2021-09-14,63.55
"2478",2021-09-15,62.94
"2479",2021-09-16,61.69
"2480",2021-09-17,61.75
"2481",2021-09-22,63.47
"2482",2021-09-23,61.88
"2483",2021-09-24,64.17
"2484",2021-09-27,65.37
"2485",2021-09-28,70.09
"2486",2021-09-29,70.7
"2487",2021-09-30,69
"2488",2021-10-08,74.49
"2489",2021-10-11,71.48
"2490",2021-10-12,65.82
"2491",2021-10-13,65.3
"2492",2021-10-14,67.56
"2493",2021-10-15,65.11
"2494",2021-10-18,65.83
"2495",2021-10-19,63.91
"2496",2021-10-20,64.9
"2497",2021-10-21,63.37
"2498",2021-10-22,65.18
"2499",2021-10-25,64.86
"2500",2021-10-26,64.64
"2501",2021-10-27,63.3
"2502",2021-10-28,60
"2503",2021-10-29,62.13
"2504",2021-11-01,63.6
"2505",2021-11-02,64.97
"2506",2021-11-03,67.73
"2507",2021-11-04,67.01
"2508",2021-11-05,68.37
"2509",2021-11-08,68.45
"2510",2021-11-09,67.07
"2511",2021-11-10,64.46
"2512",2021-11-11,60.95
"2513",2021-11-12,61.81
"2514",2021-11-15,63
"2515",2021-11-16,62.06
"2516",2021-11-17,63.94
"2517",2021-11-18,62
"2518",2021-11-19,61.5
"2519",2021-11-22,60.72
"2520",2021-11-23,60.11
"2521",2021-11-24,60.93
"2522",2021-11-25,61.26
"2523",2021-11-26,60.76
"2524",2021-11-29,59.9
"2525",2021-11-30,59.8
"2526",2021-12-01,58.32
"2527",2021-12-02,57.1
"2528",2021-12-03,56.63
"2529",2021-12-06,57.29
"2530",2021-12-07,61.2
"2531",2021-12-08,61.1
"2532",2021-12-09,62.02
"2533",2021-12-10,68.22
"2534",2021-12-13,68.56
"2535",2021-12-14,67.57
"2536",2021-12-15,66.45
"2537",2021-12-16,64.5
"2538",2021-12-17,63.41
"2539",2021-12-20,62
"2540",2021-12-21,61.12
"2541",2021-12-22,62.1
"2542",2021-12-23,61.72
"2543",2021-12-24,64.15
"2544",2021-12-27,63.72
"2545",2021-12-28,65.28
"2546",2021-12-29,64.8
"2547",2021-12-30,61.77
"2548",2021-12-31,62.07
"2549",2022-01-04,59.83
"2550",2022-01-05,59.59
"2551",2022-01-06,58.8
"2552",2022-01-07,57.76
"2553",2022-01-10,55.47
"2554",2022-01-11,53.66
"2555",2022-01-12,51.26
"2556",2022-01-13,51.7
"2557",2022-01-14,49.51
"2558",2022-01-17,48.36
"2559",2022-01-18,48.51
"2560",2022-01-19,48.09
"2561",2022-01-20,47.28
"2562",2022-01-21,47
"2563",2022-01-24,48.99
"2564",2022-01-25,47.46
"2565",2022-01-26,45.44
"2566",2022-01-27,45.79
"2567",2022-01-28,44.22
"2568",2022-02-07,43.4
"2569",2022-02-08,43.65
"2570",2022-02-09,43.66
"2571",2022-02-10,44.96
"2572",2022-02-11,45.19
"2573",2022-02-14,43.7
"2574",2022-02-15,43.25
"2575",2022-02-16,45.71
"2576",2022-02-17,46.88
"2577",2022-02-18,46.25
"2578",2022-02-21,45.72
"2579",2022-02-22,46.06
"2580",2022-02-23,44.9
"2581",2022-02-24,46.33
"2582",2022-02-25,43.91
"2583",2022-02-28,45.84
"2584",2022-03-01,45.12
"2585",2022-03-02,45.8
"2586",2022-03-03,44.55
"2587",2022-03-04,43.36
"2588",2022-03-07,41.15
"2589",2022-03-08,39.1
"2590",2022-03-09,37.85
"2591",2022-03-10,37.36
"2592",2022-03-11,38.2
"2593",2022-03-14,38.8
"2594",2022-03-15,37.3
"2595",2022-03-16,34.94
"2596",2022-03-17,35.54
"2597",2022-03-18,37.41
